type,language,license,rightsHolder,accessRights,datasetID,institutionCode,datasetName,samplingProtocol,eventID,eventDate,continent,countryCode,stateProvince,verbatimLocalityProperty,decimalLatitude,decimalLongitude,geodeticDatum,coordinateUncertaintyInMeters,verbatimLatitude,verbatimLongitude,verbatimSRS
Event,en,https://creativecommons.org/licenses/by-nc/4.0/legalcode,ANB,http://www.inbo.be/en/norms-for-data-use,,ANB,"Targeted monitoring of crustacea by ANB, Belgium",targeted monitoring,MARK002:2022-07-12,2022-07-12,Europe,BE,Flanders,"Herne, Leenstraat",50.74184,4.03416,WGS84,30,50.7418399122259,4.034164416477917,EPSG:31370
Event,en,https://creativecommons.org/licenses/by-nc/4.0/legalcode,ANB,http://www.inbo.be/en/norms-for-data-use,,ANB,"Targeted monitoring of crustacea by ANB, Belgium",targeted monitoring,MARK004:2022-07-12,2022-07-12,Europe,BE,Flanders,Pepingen Terrest,50.72373,4.08977,WGS84,30,50.723726989019255,4.089766887085357,EPSG:31370
Event,en,https://creativecommons.org/licenses/by-nc/4.0/legalcode,ANB,http://www.inbo.be/en/norms-for-data-use,,ANB,"Targeted monitoring of crustacea by ANB, Belgium",targeted monitoring,MARK003:2022-07-12,2022-07-12,Europe,BE,Flanders,Pepingen Terrest,50.72373,4.08977,WGS84,30,50.723726989019255,4.089766887085357,EPSG:31370
Event,en,https://creativecommons.org/licenses/by-nc/4.0/legalcode,ANB,http://www.inbo.be/en/norms-for-data-use,,ANB,"Targeted monitoring of crustacea by ANB, Belgium",targeted monitoring,MARK005:2022-07-12,2022-07-12,Europe,BE,Flanders,Pepingen Terrest,50.72373,4.08977,WGS84,30,50.723726989019255,4.089766887085357,EPSG:31370
Event,en,https://creativecommons.org/licenses/by-nc/4.0/legalcode,ANB,http://www.inbo.be/en/norms-for-data-use,,ANB,"Targeted monitoring of crustacea by ANB, Belgium",targeted monitoring,MARK006:2022-07-12,2022-07-12,Europe,BE,Flanders,Pepingen Terrest,50.72323,4.08828,WGS84,30,50.72322900626771,4.088282792453756,EPSG:31370
Event,en,https://creativecommons.org/licenses/by-nc/4.0/legalcode,ANB,http://www.inbo.be/en/norms-for-data-use,,ANB,"Targeted monitoring of crustacea by ANB, Belgium",targeted monitoring,MARK007:2022-07-12,2022-07-12,Europe,BE,Flanders,Pepingen Terrest,50.72323,4.08828,WGS84,30,50.72322900626771,4.088282792453756,EPSG:31370
Event,en,https://creativecommons.org/licenses/by-nc/4.0/legalcode,ANB,http://www.inbo.be/en/norms-for-data-use,,ANB,"Targeted monitoring of crustacea by ANB, Belgium",targeted monitoring,MARK008:2022-07-12,2022-07-12,Europe,BE,Flanders,Pepingen Terrest,50.72323,4.08828,WGS84,30,50.72322900626771,4.088282792453756,EPSG:31370
Event,en,https://creativecommons.org/licenses/by-nc/4.0/legalcode,ANB,http://www.inbo.be/en/norms-for-data-use,,ANB,"Targeted monitoring of crustacea by ANB, Belgium",targeted monitoring,ZENNE001:2022-07-12,2022-07-12,Europe,BE,Flanders,"Gaasbeek, onderstraat",50.79636,4.19549,WGS84,30,50.79636109264393,4.195491997347892,EPSG:31370
Event,en,https://creativecommons.org/licenses/by-nc/4.0/legalcode,ANB,http://www.inbo.be/en/norms-for-data-use,,ANB,"Targeted monitoring of crustacea by ANB, Belgium",targeted monitoring,ZENNE002:2022-07-12,2022-07-12,Europe,BE,Flanders,"Gaasbeek, onderstraat",50.79636,4.19549,WGS84,30,50.79636109264393,4.195491997347892,EPSG:31370
Event,en,https://creativecommons.org/licenses/by-nc/4.0/legalcode,ANB,http://www.inbo.be/en/norms-for-data-use,,ANB,"Targeted monitoring of crustacea by ANB, Belgium",targeted monitoring,ZENNE003:2022-07-12,2022-07-12,Europe,BE,Flanders,"Gaasbeek, onderstraat",50.79636,4.19549,WGS84,30,50.79636109264393,4.195491997347892,EPSG:31370
Event,en,https://creativecommons.org/licenses/by-nc/4.0/legalcode,ANB,http://www.inbo.be/en/norms-for-data-use,,ANB,"Targeted monitoring of crustacea by ANB, Belgium",targeted monitoring,ZENNE004:2022-07-12,2022-07-12,Europe,BE,Flanders,"Gaasbeek, onderstraat",50.79564,4.19781,WGS84,30,50.7956363168944,4.1978066415222095,EPSG:31370
Event,en,https://creativecommons.org/licenses/by-nc/4.0/legalcode,ANB,http://www.inbo.be/en/norms-for-data-use,,ANB,"Targeted monitoring of crustacea by ANB, Belgium",targeted monitoring,ZENNE005:2022-07-12,2022-07-12,Europe,BE,Flanders,"Gaasbeek, onderstraat",50.79564,4.19781,WGS84,30,50.7956363168944,4.1978066415222095,EPSG:31370
Event,en,https://creativecommons.org/licenses/by-nc/4.0/legalcode,ANB,http://www.inbo.be/en/norms-for-data-use,,ANB,"Targeted monitoring of crustacea by ANB, Belgium",targeted monitoring,ZENNE006:2022-07-12,2022-07-12,Europe,BE,Flanders,"Gaasbeek, onderstraat",50.79569,4.19856,WGS84,30,50.79569134464593,4.1985581934516025,EPSG:31370
Event,en,https://creativecommons.org/licenses/by-nc/4.0/legalcode,ANB,http://www.inbo.be/en/norms-for-data-use,,ANB,"Targeted monitoring of crustacea by ANB, Belgium",targeted monitoring,ZENNE007:2022-07-13,2022-07-13,Europe,BE,Flanders,"Halle, Dokter Spitaelstraat",50.70971,4.23255,WGS84,30,50.70971268934478,4.232549452067928,EPSG:31370
Event,en,https://creativecommons.org/licenses/by-nc/4.0/legalcode,ANB,http://www.inbo.be/en/norms-for-data-use,,ANB,"Targeted monitoring of crustacea by ANB, Belgium",targeted monitoring,ZENNE008:2022-07-13,2022-07-13,Europe,BE,Flanders,"Halle, Dokter Spitaelstraat",50.70971,4.23255,WGS84,30,50.70971268934478,4.232549452067928,EPSG:31370
Event,en,https://creativecommons.org/licenses/by-nc/4.0/legalcode,ANB,http://www.inbo.be/en/norms-for-data-use,,ANB,"Targeted monitoring of crustacea by ANB, Belgium",targeted monitoring,ZENNE009:2022-07-13,2022-07-13,Europe,BE,Flanders,"Halle, Dokter Spitaelstraat",50.70971,4.23255,WGS84,30,50.70971268934478,4.232549452067928,EPSG:31370
Event,en,https://creativecommons.org/licenses/by-nc/4.0/legalcode,ANB,http://www.inbo.be/en/norms-for-data-use,,ANB,"Targeted monitoring of crustacea by ANB, Belgium",targeted monitoring,ZENNE010:2022-07-13,2022-07-13,Europe,BE,Flanders,"Halle, Dokter Spitaelstraat",50.70971,4.23255,WGS84,30,50.70971268934478,4.232549452067928,EPSG:31370
Event,en,https://creativecommons.org/licenses/by-nc/4.0/legalcode,ANB,http://www.inbo.be/en/norms-for-data-use,,ANB,"Targeted monitoring of crustacea by ANB, Belgium",targeted monitoring,ZENNE011:2022-07-13,2022-07-13,Europe,BE,Flanders,"Halle, Dokter Spitaelstraat",50.70971,4.23255,WGS84,30,50.70971268934478,4.232549452067928,EPSG:31370
Event,en,https://creativecommons.org/licenses/by-nc/4.0/legalcode,ANB,http://www.inbo.be/en/norms-for-data-use,,ANB,"Targeted monitoring of crustacea by ANB, Belgium",targeted monitoring,ZENNE012:2022-07-13,2022-07-13,Europe,BE,Flanders,"Halle, Meesdalweg",50.71007,4.25272,WGS84,30,50.71006695238528,4.252723874818297,EPSG:31370
Event,en,https://creativecommons.org/licenses/by-nc/4.0/legalcode,ANB,http://www.inbo.be/en/norms-for-data-use,,ANB,"Targeted monitoring of crustacea by ANB, Belgium",targeted monitoring,ZENNE013:2022-07-13,2022-07-13,Europe,BE,Flanders,"Halle, Meesdalweg",50.71007,4.25272,WGS84,30,50.71006695238528,4.252723874818297,EPSG:31370
Event,en,https://creativecommons.org/licenses/by-nc/4.0/legalcode,ANB,http://www.inbo.be/en/norms-for-data-use,,ANB,"Targeted monitoring of crustacea by ANB, Belgium",targeted monitoring,ZENNE015:2022-07-13,2022-07-13,Europe,BE,Flanders,Domein Huizingen,50.73823,4.28420,WGS84,30,50.73823184790674,4.284204081402235,EPSG:31370
Event,en,https://creativecommons.org/licenses/by-nc/4.0/legalcode,ANB,http://www.inbo.be/en/norms-for-data-use,,ANB,"Targeted monitoring of crustacea by ANB, Belgium",targeted monitoring,ZENNE016:2022-07-13,2022-07-13,Europe,BE,Flanders,Domein Huizingen,50.73823,4.28420,WGS84,30,50.73823184790674,4.284204081402235,EPSG:31370
Event,en,https://creativecommons.org/licenses/by-nc/4.0/legalcode,ANB,http://www.inbo.be/en/norms-for-data-use,,ANB,"Targeted monitoring of crustacea by ANB, Belgium",targeted monitoring,ZENNE017:2022-07-13,2022-07-13,Europe,BE,Flanders,Domein Huizingen,50.73823,4.28420,WGS84,30,50.73823184790674,4.284204081402235,EPSG:31370
Event,en,https://creativecommons.org/licenses/by-nc/4.0/legalcode,ANB,http://www.inbo.be/en/norms-for-data-use,,ANB,"Targeted monitoring of crustacea by ANB, Belgium",targeted monitoring,ZENNE018:2022-07-13,2022-07-13,Europe,BE,Flanders,Domein Huizingen,50.73823,4.28420,WGS84,30,50.73823184790674,4.284204081402235,EPSG:31370
Event,en,https://creativecommons.org/licenses/by-nc/4.0/legalcode,ANB,http://www.inbo.be/en/norms-for-data-use,,ANB,"Targeted monitoring of crustacea by ANB, Belgium",targeted monitoring,ZENNE019:2022-07-13,2022-07-13,Europe,BE,Flanders,Domein Huizingen,50.73823,4.28420,WGS84,30,50.73823184790674,4.284204081402235,EPSG:31370
Event,en,https://creativecommons.org/licenses/by-nc/4.0/legalcode,ANB,http://www.inbo.be/en/norms-for-data-use,,ANB,"Targeted monitoring of crustacea by ANB, Belgium",targeted monitoring,ZENNE020:2022-07-13,2022-07-13,Europe,BE,Flanders,Domein Huizingen,50.73823,4.28420,WGS84,30,50.73823184790674,4.284204081402235,EPSG:31370
Event,en,https://creativecommons.org/licenses/by-nc/4.0/legalcode,ANB,http://www.inbo.be/en/norms-for-data-use,,ANB,"Targeted monitoring of crustacea by ANB, Belgium",targeted monitoring,ZENNE022:2022-07-13,2022-07-13,Europe,BE,Flanders,Zevenbronnen,50.72357,4.32728,WGS84,30,50.72356548542107,4.327283397726655,EPSG:31370
Event,en,https://creativecommons.org/licenses/by-nc/4.0/legalcode,ANB,http://www.inbo.be/en/norms-for-data-use,,ANB,"Targeted monitoring of crustacea by ANB, Belgium",targeted monitoring,ZENNE023:2022-07-13,2022-07-13,Europe,BE,Flanders,Zevenbronnen,50.72357,4.32728,WGS84,30,50.72356548542107,4.327283397726655,EPSG:31370
Event,en,https://creativecommons.org/licenses/by-nc/4.0/legalcode,ANB,http://www.inbo.be/en/norms-for-data-use,,ANB,"Targeted monitoring of crustacea by ANB, Belgium",targeted monitoring,ZENNE024:2022-07-13,2022-07-13,Europe,BE,Flanders,Zevenbronnen,50.72357,4.32728,WGS84,30,50.72356548542107,4.327283397726655,EPSG:31370
Event,en,https://creativecommons.org/licenses/by-nc/4.0/legalcode,ANB,http://www.inbo.be/en/norms-for-data-use,,ANB,"Targeted monitoring of crustacea by ANB, Belgium",targeted monitoring,ZENNE025:2022-07-13,2022-07-13,Europe,BE,Flanders,Zevenbronnen,50.72357,4.32728,WGS84,30,50.72356548542107,4.327283397726655,EPSG:31370
Event,en,https://creativecommons.org/licenses/by-nc/4.0/legalcode,ANB,http://www.inbo.be/en/norms-for-data-use,,ANB,"Targeted monitoring of crustacea by ANB, Belgium",targeted monitoring,ZENNE026:2022-07-13,2022-07-13,Europe,BE,Flanders,Zevenbronnen,50.72357,4.32728,WGS84,30,50.72356548542107,4.327283397726655,EPSG:31370
Event,en,https://creativecommons.org/licenses/by-nc/4.0/legalcode,ANB,http://www.inbo.be/en/norms-for-data-use,,ANB,"Targeted monitoring of crustacea by ANB, Belgium",targeted monitoring,ZENNE027:2022-07-13,2022-07-13,Europe,BE,Flanders,Zevenbronnen,50.72357,4.32728,WGS84,30,50.72356548542107,4.327283397726655,EPSG:31370
Event,en,https://creativecommons.org/licenses/by-nc/4.0/legalcode,ANB,http://www.inbo.be/en/norms-for-data-use,,ANB,"Targeted monitoring of crustacea by ANB, Belgium",targeted monitoring,ZENNE028:2022-07-13,2022-07-13,Europe,BE,Flanders,Zevenbronnen,50.72357,4.32728,WGS84,30,50.72356548542107,4.327283397726655,EPSG:31370
Event,en,https://creativecommons.org/licenses/by-nc/4.0/legalcode,ANB,http://www.inbo.be/en/norms-for-data-use,,ANB,"Targeted monitoring of crustacea by ANB, Belgium",targeted monitoring,ZENNE030:2022-07-14,2022-07-14,Europe,BE,Flanders,Kasteel van Beersel,50.76580,4.30031,WGS84,30,50.76579583701546,4.30031443371683,EPSG:31370
Event,en,https://creativecommons.org/licenses/by-nc/4.0/legalcode,ANB,http://www.inbo.be/en/norms-for-data-use,,ANB,"Targeted monitoring of crustacea by ANB, Belgium",targeted monitoring,ZENNE031:2022-07-14,2022-07-14,Europe,BE,Flanders,Kasteel van Beersel,50.76580,4.30031,WGS84,30,50.76579583701546,4.30031443371683,EPSG:31370
Event,en,https://creativecommons.org/licenses/by-nc/4.0/legalcode,ANB,http://www.inbo.be/en/norms-for-data-use,,ANB,"Targeted monitoring of crustacea by ANB, Belgium",targeted monitoring,ZENNE032:2022-07-14,2022-07-14,Europe,BE,Flanders,Kasteel van Beersel,50.76580,4.30031,WGS84,30,50.76579583701546,4.30031443371683,EPSG:31370
Event,en,https://creativecommons.org/licenses/by-nc/4.0/legalcode,ANB,http://www.inbo.be/en/norms-for-data-use,,ANB,"Targeted monitoring of crustacea by ANB, Belgium",targeted monitoring,ZENNE033:2022-07-14,2022-07-14,Europe,BE,Flanders,Kasteel van Beersel,50.76580,4.30031,WGS84,30,50.76579583701546,4.30031443371683,EPSG:31370
Event,en,https://creativecommons.org/licenses/by-nc/4.0/legalcode,ANB,http://www.inbo.be/en/norms-for-data-use,,ANB,"Targeted monitoring of crustacea by ANB, Belgium",targeted monitoring,ZENNE034:2022-07-14,2022-07-14,Europe,BE,Flanders,Frankbos,50.77872,4.31751,WGS84,30,50.77872271194896,4.317508937461814,EPSG:31370
Event,en,https://creativecommons.org/licenses/by-nc/4.0/legalcode,ANB,http://www.inbo.be/en/norms-for-data-use,,ANB,"Targeted monitoring of crustacea by ANB, Belgium",targeted monitoring,ZENNE035:2022-07-14,2022-07-14,Europe,BE,Flanders,Frankbos,50.77872,4.31751,WGS84,30,50.77872271194896,4.317508937461814,EPSG:31370
Event,en,https://creativecommons.org/licenses/by-nc/4.0/legalcode,ANB,http://www.inbo.be/en/norms-for-data-use,,ANB,"Targeted monitoring of crustacea by ANB, Belgium",targeted monitoring,ZENNE036:2022-07-14,2022-07-14,Europe,BE,Flanders,Frankbos,50.77872,4.31751,WGS84,30,50.77872271194896,4.317508937461814,EPSG:31370
Event,en,https://creativecommons.org/licenses/by-nc/4.0/legalcode,ANB,http://www.inbo.be/en/norms-for-data-use,,ANB,"Targeted monitoring of crustacea by ANB, Belgium",targeted monitoring,ZENNE037:2022-07-14,2022-07-14,Europe,BE,Flanders,Frankbos,50.77872,4.31751,WGS84,30,50.77872271194896,4.317508937461814,EPSG:31370
Event,en,https://creativecommons.org/licenses/by-nc/4.0/legalcode,ANB,http://www.inbo.be/en/norms-for-data-use,,ANB,"Targeted monitoring of crustacea by ANB, Belgium",targeted monitoring,ZENNE038:2022-07-14,2022-07-14,Europe,BE,Flanders,Frankbos,50.77872,4.31751,WGS84,30,50.77872271194896,4.317508937461814,EPSG:31370
Event,en,https://creativecommons.org/licenses/by-nc/4.0/legalcode,ANB,http://www.inbo.be/en/norms-for-data-use,,ANB,"Targeted monitoring of crustacea by ANB, Belgium",targeted monitoring,ZENNE039:2022-07-14,2022-07-14,Europe,BE,Flanders,Frankbos kleine vijver,50.77927,4.31786,WGS84,30,50.77927123445997,4.317862823410563,EPSG:31370
Event,en,https://creativecommons.org/licenses/by-nc/4.0/legalcode,ANB,http://www.inbo.be/en/norms-for-data-use,,ANB,"Targeted monitoring of crustacea by ANB, Belgium",targeted monitoring,ZENNE040:2022-07-14,2022-07-14,Europe,BE,Flanders,Park Coloma,50.78003,4.24891,WGS84,30,50.7800304489776,4.248908392905777,EPSG:31370
Event,en,https://creativecommons.org/licenses/by-nc/4.0/legalcode,ANB,http://www.inbo.be/en/norms-for-data-use,,ANB,"Targeted monitoring of crustacea by ANB, Belgium",targeted monitoring,ZENNE041:2022-07-14,2022-07-14,Europe,BE,Flanders,Park Coloma,50.78003,4.24891,WGS84,30,50.7800304489776,4.248908392905777,EPSG:31370
Event,en,https://creativecommons.org/licenses/by-nc/4.0/legalcode,ANB,http://www.inbo.be/en/norms-for-data-use,,ANB,"Targeted monitoring of crustacea by ANB, Belgium",targeted monitoring,ZENNE042:2022-07-14,2022-07-14,Europe,BE,Flanders,Park Coloma,50.78003,4.24891,WGS84,30,50.7800304489776,4.248908392905777,EPSG:31370
Event,en,https://creativecommons.org/licenses/by-nc/4.0/legalcode,ANB,http://www.inbo.be/en/norms-for-data-use,,ANB,"Targeted monitoring of crustacea by ANB, Belgium",targeted monitoring,ZENNE043:2022-07-14,2022-07-14,Europe,BE,Flanders,Park Coloma,50.78003,4.24891,WGS84,30,50.7800304489776,4.248908392905777,EPSG:31370
Event,en,https://creativecommons.org/licenses/by-nc/4.0/legalcode,ANB,http://www.inbo.be/en/norms-for-data-use,,ANB,"Targeted monitoring of crustacea by ANB, Belgium",targeted monitoring,ZENNE044:2022-07-14,2022-07-14,Europe,BE,Flanders,Park Coloma,50.77876,4.24800,WGS84,30,50.77876197983397,4.2480041563384905,EPSG:31370
Event,en,https://creativecommons.org/licenses/by-nc/4.0/legalcode,ANB,http://www.inbo.be/en/norms-for-data-use,,ANB,"Targeted monitoring of crustacea by ANB, Belgium",targeted monitoring,ZENNE045:2022-07-14,2022-07-14,Europe,BE,Flanders,Park Coloma,50.77876,4.24800,WGS84,30,50.77876197983397,4.2480041563384905,EPSG:31370
Event,en,https://creativecommons.org/licenses/by-nc/4.0/legalcode,ANB,http://www.inbo.be/en/norms-for-data-use,,ANB,"Targeted monitoring of crustacea by ANB, Belgium",targeted monitoring,ZENNE046:2022-07-14,2022-07-14,Europe,BE,Flanders,Park Coloma,50.77876,4.24800,WGS84,30,50.77876197983397,4.2480041563384905,EPSG:31370
Event,en,https://creativecommons.org/licenses/by-nc/4.0/legalcode,ANB,http://www.inbo.be/en/norms-for-data-use,,ANB,"Targeted monitoring of crustacea by ANB, Belgium",targeted monitoring,DC001:2022-07-13,2022-07-13,Europe,BE,Flanders,,50.76972,4.60562,WGS84,30,50.76971870881428,4.605620300988685,EPSG:31370
Event,en,https://creativecommons.org/licenses/by-nc/4.0/legalcode,ANB,http://www.inbo.be/en/norms-for-data-use,,ANB,"Targeted monitoring of crustacea by ANB, Belgium",targeted monitoring,DC002:2022-07-13,2022-07-13,Europe,BE,Flanders,,50.76972,4.60562,WGS84,30,50.76971870881428,4.605620300988685,EPSG:31370
Event,en,https://creativecommons.org/licenses/by-nc/4.0/legalcode,ANB,http://www.inbo.be/en/norms-for-data-use,,ANB,"Targeted monitoring of crustacea by ANB, Belgium",targeted monitoring,DC003:2022-07-13,2022-07-13,Europe,BE,Flanders,,50.77122,4.61426,WGS84,30,50.77122012498739,4.614261454173174,EPSG:31370
Event,en,https://creativecommons.org/licenses/by-nc/4.0/legalcode,ANB,http://www.inbo.be/en/norms-for-data-use,,ANB,"Targeted monitoring of crustacea by ANB, Belgium",targeted monitoring,DC004:2022-07-13,2022-07-13,Europe,BE,Flanders,,50.77122,4.61426,WGS84,30,50.77122012498739,4.614261454173174,EPSG:31370
Event,en,https://creativecommons.org/licenses/by-nc/4.0/legalcode,ANB,http://www.inbo.be/en/norms-for-data-use,,ANB,"Targeted monitoring of crustacea by ANB, Belgium",targeted monitoring,DC005:2022-07-13,2022-07-13,Europe,BE,Flanders,,50.78749,4.64067,WGS84,30,50.7874869837956,4.640667512127813,EPSG:31370
Event,en,https://creativecommons.org/licenses/by-nc/4.0/legalcode,ANB,http://www.inbo.be/en/norms-for-data-use,,ANB,"Targeted monitoring of crustacea by ANB, Belgium",targeted monitoring,DC006:2022-07-13,2022-07-13,Europe,BE,Flanders,,50.78631,4.64250,WGS84,30,50.78630504185506,4.6425042243181105,EPSG:31370
Event,en,https://creativecommons.org/licenses/by-nc/4.0/legalcode,ANB,http://www.inbo.be/en/norms-for-data-use,,ANB,"Targeted monitoring of crustacea by ANB, Belgium",targeted monitoring,DC007:2022-07-13,2022-07-13,Europe,BE,Flanders,,50.78631,4.64250,WGS84,30,50.78630504185506,4.6425042243181105,EPSG:31370
Event,en,https://creativecommons.org/licenses/by-nc/4.0/legalcode,ANB,http://www.inbo.be/en/norms-for-data-use,,ANB,"Targeted monitoring of crustacea by ANB, Belgium",targeted monitoring,DC008:2022-07-13,2022-07-13,Europe,BE,Flanders,,50.79267,4.64020,WGS84,30,50.79266614071371,4.640201102136083,EPSG:31370
Event,en,https://creativecommons.org/licenses/by-nc/4.0/legalcode,ANB,http://www.inbo.be/en/norms-for-data-use,,ANB,"Targeted monitoring of crustacea by ANB, Belgium",targeted monitoring,DC009:2022-07-13,2022-07-13,Europe,BE,Flanders,,50.79267,4.64020,WGS84,30,50.79266614071371,4.640201102136083,EPSG:31370
Event,en,https://creativecommons.org/licenses/by-nc/4.0/legalcode,ANB,http://www.inbo.be/en/norms-for-data-use,,ANB,"Targeted monitoring of crustacea by ANB, Belgium",targeted monitoring,PM01:2022-07-25,2022-07-25,Europe,BE,Flanders,kasteelvijver,50.92808,4.32965,WGS84,30,50.928078776180364,4.329651763676048,EPSG:31370
Event,en,https://creativecommons.org/licenses/by-nc/4.0/legalcode,ANB,http://www.inbo.be/en/norms-for-data-use,,ANB,"Targeted monitoring of crustacea by ANB, Belgium",targeted monitoring,PM02:2022-07-25,2022-07-25,Europe,BE,Flanders,kasteelvijver,50.92808,4.32965,WGS84,30,50.928078776180364,4.329651763676048,EPSG:31370
Event,en,https://creativecommons.org/licenses/by-nc/4.0/legalcode,ANB,http://www.inbo.be/en/norms-for-data-use,,ANB,"Targeted monitoring of crustacea by ANB, Belgium",targeted monitoring,PM03:2022-07-25,2022-07-25,Europe,BE,Flanders,kasteelvijver,50.92808,4.32965,WGS84,30,50.928078776180364,4.329651763676048,EPSG:31370
Event,en,https://creativecommons.org/licenses/by-nc/4.0/legalcode,ANB,http://www.inbo.be/en/norms-for-data-use,,ANB,"Targeted monitoring of crustacea by ANB, Belgium",targeted monitoring,PM04:2022-07-25,2022-07-25,Europe,BE,Flanders,plantentuin meise,50.92990,4.33130,WGS84,30,50.9298951418826,4.3313003202113585,EPSG:31370
Event,en,https://creativecommons.org/licenses/by-nc/4.0/legalcode,ANB,http://www.inbo.be/en/norms-for-data-use,,ANB,"Targeted monitoring of crustacea by ANB, Belgium",targeted monitoring,PM05:2022-07-25,2022-07-25,Europe,BE,Flanders,plantentuin meise,50.92990,4.33130,WGS84,30,50.9298951418826,4.3313003202113585,EPSG:31370
Event,en,https://creativecommons.org/licenses/by-nc/4.0/legalcode,ANB,http://www.inbo.be/en/norms-for-data-use,,ANB,"Targeted monitoring of crustacea by ANB, Belgium",targeted monitoring,PM06:2022-07-25,2022-07-25,Europe,BE,Flanders,plantentuin meise,50.92990,4.33130,WGS84,30,50.9298951418826,4.3313003202113585,EPSG:31370
Event,en,https://creativecommons.org/licenses/by-nc/4.0/legalcode,ANB,http://www.inbo.be/en/norms-for-data-use,,ANB,"Targeted monitoring of crustacea by ANB, Belgium",targeted monitoring,PM07:2022-07-25,2022-07-25,Europe,BE,Flanders,kasteelvijver,50.92808,4.32965,WGS84,30,50.928078776180364,4.329651763676048,EPSG:31370
Event,en,https://creativecommons.org/licenses/by-nc/4.0/legalcode,ANB,http://www.inbo.be/en/norms-for-data-use,,ANB,"Targeted monitoring of crustacea by ANB, Belgium",targeted monitoring,PH01:2022-07-25,2022-07-25,Europe,BE,Flanders,,50.92802,4.37151,WGS84,30,50.928022079023705,4.371512873075324,EPSG:31370
Event,en,https://creativecommons.org/licenses/by-nc/4.0/legalcode,ANB,http://www.inbo.be/en/norms-for-data-use,,ANB,"Targeted monitoring of crustacea by ANB, Belgium",targeted monitoring,PH02:2022-07-25,2022-07-25,Europe,BE,Flanders,,50.92802,4.37151,WGS84,30,50.928022079023705,4.371512873075324,EPSG:31370
Event,en,https://creativecommons.org/licenses/by-nc/4.0/legalcode,ANB,http://www.inbo.be/en/norms-for-data-use,,ANB,"Targeted monitoring of crustacea by ANB, Belgium",targeted monitoring,PH03:2022-07-25,2022-07-25,Europe,BE,Flanders,,50.92802,4.37151,WGS84,30,50.928022079023705,4.371512873075324,EPSG:31370
Event,en,https://creativecommons.org/licenses/by-nc/4.0/legalcode,ANB,http://www.inbo.be/en/norms-for-data-use,,ANB,"Targeted monitoring of crustacea by ANB, Belgium",targeted monitoring,PH04:2022-07-25,2022-07-25,Europe,BE,Flanders,,50.92802,4.37151,WGS84,30,50.928022079023705,4.371512873075324,EPSG:31370
Event,en,https://creativecommons.org/licenses/by-nc/4.0/legalcode,ANB,http://www.inbo.be/en/norms-for-data-use,,ANB,"Targeted monitoring of crustacea by ANB, Belgium",targeted monitoring,TM01:2022-07-25,2022-07-25,Europe,BE,Flanders,,50.93703,4.37868,WGS84,30,50.937028916029,4.37868377858512,EPSG:31370
Event,en,https://creativecommons.org/licenses/by-nc/4.0/legalcode,ANB,http://www.inbo.be/en/norms-for-data-use,,ANB,"Targeted monitoring of crustacea by ANB, Belgium",targeted monitoring,TM02:2022-07-25,2022-07-25,Europe,BE,Flanders,,50.93703,4.37868,WGS84,30,50.937028916029,4.37868377858512,EPSG:31370
Event,en,https://creativecommons.org/licenses/by-nc/4.0/legalcode,ANB,http://www.inbo.be/en/norms-for-data-use,,ANB,"Targeted monitoring of crustacea by ANB, Belgium",targeted monitoring,TM03:2022-07-25,2022-07-25,Europe,BE,Flanders,,50.93686,4.38005,WGS84,30,50.93685798840622,4.380049495496037,EPSG:31370
Event,en,https://creativecommons.org/licenses/by-nc/4.0/legalcode,ANB,http://www.inbo.be/en/norms-for-data-use,,ANB,"Targeted monitoring of crustacea by ANB, Belgium",targeted monitoring,TM04:2022-07-25,2022-07-25,Europe,BE,Flanders,,50.93686,4.38005,WGS84,30,50.93685798840622,4.380049495496037,EPSG:31370
Event,en,https://creativecommons.org/licenses/by-nc/4.0/legalcode,ANB,http://www.inbo.be/en/norms-for-data-use,,ANB,"Targeted monitoring of crustacea by ANB, Belgium",targeted monitoring,G01:2022-07-25,2022-07-25,Europe,BE,Flanders,,50.92915,4.40683,WGS84,30,50.92914838474318,4.406831853201974,EPSG:31370
Event,en,https://creativecommons.org/licenses/by-nc/4.0/legalcode,ANB,http://www.inbo.be/en/norms-for-data-use,,ANB,"Targeted monitoring of crustacea by ANB, Belgium",targeted monitoring,G02:2022-07-25,2022-07-25,Europe,BE,Flanders,,50.92915,4.40683,WGS84,30,50.92914838474318,4.406831853201974,EPSG:31370
Event,en,https://creativecommons.org/licenses/by-nc/4.0/legalcode,ANB,http://www.inbo.be/en/norms-for-data-use,,ANB,"Targeted monitoring of crustacea by ANB, Belgium",targeted monitoring,G03:2022-07-25,2022-07-25,Europe,BE,Flanders,,50.92865,4.40649,WGS84,30,50.92865408559104,4.406490065559399,EPSG:31370
Event,en,https://creativecommons.org/licenses/by-nc/4.0/legalcode,ANB,http://www.inbo.be/en/norms-for-data-use,,ANB,"Targeted monitoring of crustacea by ANB, Belgium",targeted monitoring,G04:2022-07-25,2022-07-25,Europe,BE,Flanders,,50.92865,4.40649,WGS84,30,50.92865408559104,4.406490065559399,EPSG:31370
Event,en,https://creativecommons.org/licenses/by-nc/4.0/legalcode,ANB,http://www.inbo.be/en/norms-for-data-use,,ANB,"Targeted monitoring of crustacea by ANB, Belgium",targeted monitoring,G05:2022-07-25,2022-07-25,Europe,BE,Flanders,,50.92865,4.40649,WGS84,30,50.92865408559104,4.406490065559399,EPSG:31370
Event,en,https://creativecommons.org/licenses/by-nc/4.0/legalcode,ANB,http://www.inbo.be/en/norms-for-data-use,,ANB,"Targeted monitoring of crustacea by ANB, Belgium",targeted monitoring,DC10:2022-07-25,2022-07-25,Europe,BE,Flanders,Maurits Noësstraat,50.82267,4.65364,WGS84,30,50.8226686389722,4.653644389033648,EPSG:31370
Event,en,https://creativecommons.org/licenses/by-nc/4.0/legalcode,ANB,http://www.inbo.be/en/norms-for-data-use,,ANB,"Targeted monitoring of crustacea by ANB, Belgium",targeted monitoring,DC11:2022-07-25,2022-07-25,Europe,BE,Flanders,Maurits Noësstraat,50.82267,4.65364,WGS84,30,50.8226686389722,4.653644389033648,EPSG:31370
Event,en,https://creativecommons.org/licenses/by-nc/4.0/legalcode,ANB,http://www.inbo.be/en/norms-for-data-use,,ANB,"Targeted monitoring of crustacea by ANB, Belgium",targeted monitoring,DC12:2022-07-25,2022-07-25,Europe,BE,Flanders,Maurits Noësstraat,50.82253,4.65637,WGS84,30,50.822527126363106,4.656368421141188,EPSG:31370
Event,en,https://creativecommons.org/licenses/by-nc/4.0/legalcode,ANB,http://www.inbo.be/en/norms-for-data-use,,ANB,"Targeted monitoring of crustacea by ANB, Belgium",targeted monitoring,DC13:2022-07-25,2022-07-25,Europe,BE,Flanders,Maurits Noësstraat,50.82253,4.65637,WGS84,30,50.822527126363106,4.656368421141188,EPSG:31370
Event,en,https://creativecommons.org/licenses/by-nc/4.0/legalcode,ANB,http://www.inbo.be/en/norms-for-data-use,,ANB,"Targeted monitoring of crustacea by ANB, Belgium",targeted monitoring,DC14:2022-07-25,2022-07-25,Europe,BE,Flanders,Maurits Noësstraat,50.82307,4.66069,WGS84,30,50.82307378497574,4.660686234431279,EPSG:31370
Event,en,https://creativecommons.org/licenses/by-nc/4.0/legalcode,ANB,http://www.inbo.be/en/norms-for-data-use,,ANB,"Targeted monitoring of crustacea by ANB, Belgium",targeted monitoring,DC15:2022-07-25,2022-07-25,Europe,BE,Flanders,Maurits Noësstraat,50.82307,4.66069,WGS84,30,50.82307378497574,4.660686234431279,EPSG:31370
Event,en,https://creativecommons.org/licenses/by-nc/4.0/legalcode,ANB,http://www.inbo.be/en/norms-for-data-use,,ANB,"Targeted monitoring of crustacea by ANB, Belgium",targeted monitoring,DC16:2022-07-25,2022-07-25,Europe,BE,Flanders,Maurits Noësstraat,50.82349,4.66499,WGS84,30,50.8234854779582,4.664989104516977,EPSG:31370
Event,en,https://creativecommons.org/licenses/by-nc/4.0/legalcode,ANB,http://www.inbo.be/en/norms-for-data-use,,ANB,"Targeted monitoring of crustacea by ANB, Belgium",targeted monitoring,DC17:2022-07-25,2022-07-25,Europe,BE,Flanders,Maurits Noësstraat,50.82349,4.66499,WGS84,30,50.8234854779582,4.664989104516977,EPSG:31370
Event,en,https://creativecommons.org/licenses/by-nc/4.0/legalcode,ANB,http://www.inbo.be/en/norms-for-data-use,,ANB,"Targeted monitoring of crustacea by ANB, Belgium",targeted monitoring,DC18:2022-07-25,2022-07-25,Europe,BE,Flanders,,50.83975,4.65510,WGS84,30,50.83975435354184,4.655096919257336,EPSG:31370
Event,en,https://creativecommons.org/licenses/by-nc/4.0/legalcode,ANB,http://www.inbo.be/en/norms-for-data-use,,ANB,"Targeted monitoring of crustacea by ANB, Belgium",targeted monitoring,DC19:2022-07-25,2022-07-25,Europe,BE,Flanders,,50.83975,4.65510,WGS84,30,50.83975435354184,4.655096919257336,EPSG:31370
Event,en,https://creativecommons.org/licenses/by-nc/4.0/legalcode,ANB,http://www.inbo.be/en/norms-for-data-use,,ANB,"Targeted monitoring of crustacea by ANB, Belgium",targeted monitoring,DC20:2022-07-25,2022-07-25,Europe,BE,Flanders,,50.83975,4.65510,WGS84,30,50.83975435354184,4.655096919257336,EPSG:31370
Event,en,https://creativecommons.org/licenses/by-nc/4.0/legalcode,ANB,http://www.inbo.be/en/norms-for-data-use,,ANB,"Targeted monitoring of crustacea by ANB, Belgium",targeted monitoring,DC21:2022-07-25,2022-07-25,Europe,BE,Flanders,,50.84659,4.66256,WGS84,30,50.84659489408958,4.662564980184403,EPSG:31370
Event,en,https://creativecommons.org/licenses/by-nc/4.0/legalcode,ANB,http://www.inbo.be/en/norms-for-data-use,,ANB,"Targeted monitoring of crustacea by ANB, Belgium",targeted monitoring,DC22:2022-07-25,2022-07-25,Europe,BE,Flanders,,50.84659,4.66256,WGS84,30,50.84659489408958,4.662564980184403,EPSG:31370
Event,en,https://creativecommons.org/licenses/by-nc/4.0/legalcode,ANB,http://www.inbo.be/en/norms-for-data-use,,ANB,"Targeted monitoring of crustacea by ANB, Belgium",targeted monitoring,DC23:2022-07-25,2022-07-25,Europe,BE,Flanders,,50.84659,4.66256,WGS84,30,50.84659489408958,4.662564980184403,EPSG:31370
Event,en,https://creativecommons.org/licenses/by-nc/4.0/legalcode,ANB,http://www.inbo.be/en/norms-for-data-use,,ANB,"Targeted monitoring of crustacea by ANB, Belgium",targeted monitoring,DC24:2022-07-25,2022-07-25,Europe,BE,Flanders,,50.84659,4.66256,WGS84,30,50.84659489408958,4.662564980184403,EPSG:31370
Event,en,https://creativecommons.org/licenses/by-nc/4.0/legalcode,ANB,http://www.inbo.be/en/norms-for-data-use,,ANB,"Targeted monitoring of crustacea by ANB, Belgium",targeted monitoring,TB01:2022-07-26,2022-07-26,Europe,BE,Flanders,Tangbeekbos,50.91802,4.38700,WGS84,30,50.91802448657064,4.386998711597289,EPSG:31370
Event,en,https://creativecommons.org/licenses/by-nc/4.0/legalcode,ANB,http://www.inbo.be/en/norms-for-data-use,,ANB,"Targeted monitoring of crustacea by ANB, Belgium",targeted monitoring,TB02:2022-07-26,2022-07-26,Europe,BE,Flanders,Tangbeekbos,50.91814,4.38755,WGS84,30,50.91814125709724,4.387553375681718,EPSG:31370
Event,en,https://creativecommons.org/licenses/by-nc/4.0/legalcode,ANB,http://www.inbo.be/en/norms-for-data-use,,ANB,"Targeted monitoring of crustacea by ANB, Belgium",targeted monitoring,TB03:2022-07-26,2022-07-26,Europe,BE,Flanders,Tangbeekbos,50.91814,4.38755,WGS84,30,50.91814125709724,4.387553375681718,EPSG:31370
Event,en,https://creativecommons.org/licenses/by-nc/4.0/legalcode,ANB,http://www.inbo.be/en/norms-for-data-use,,ANB,"Targeted monitoring of crustacea by ANB, Belgium",targeted monitoring,TB04:2022-07-26,2022-07-26,Europe,BE,Flanders,Tangbeekbos,50.91814,4.38755,WGS84,30,50.91814125709724,4.387553375681718,EPSG:31370
Event,en,https://creativecommons.org/licenses/by-nc/4.0/legalcode,ANB,http://www.inbo.be/en/norms-for-data-use,,ANB,"Targeted monitoring of crustacea by ANB, Belgium",targeted monitoring,TB05:2022-07-26,2022-07-26,Europe,BE,Flanders,Tangbeekbos,50.91814,4.38755,WGS84,30,50.91814125709724,4.387553375681718,EPSG:31370
Event,en,https://creativecommons.org/licenses/by-nc/4.0/legalcode,ANB,http://www.inbo.be/en/norms-for-data-use,,ANB,"Targeted monitoring of crustacea by ANB, Belgium",targeted monitoring,TB06:2022-07-26,2022-07-26,Europe,BE,Flanders,Tangbeekbos,50.91814,4.38755,WGS84,30,50.91814125709724,4.387553375681718,EPSG:31370
Event,en,https://creativecommons.org/licenses/by-nc/4.0/legalcode,ANB,http://www.inbo.be/en/norms-for-data-use,,ANB,"Targeted monitoring of crustacea by ANB, Belgium",targeted monitoring,TB07:2022-07-26,2022-07-26,Europe,BE,Flanders,Tangbeekbos,50.91814,4.38755,WGS84,30,50.91814125709724,4.387553375681718,EPSG:31370
Event,en,https://creativecommons.org/licenses/by-nc/4.0/legalcode,ANB,http://www.inbo.be/en/norms-for-data-use,,ANB,"Targeted monitoring of crustacea by ANB, Belgium",targeted monitoring,HP01:2022-07-26,2022-07-26,Europe,BE,Flanders,Hanssenpark,50.92443,4.42766,WGS84,30,50.924429267069705,4.427664438787511,EPSG:31370
Event,en,https://creativecommons.org/licenses/by-nc/4.0/legalcode,ANB,http://www.inbo.be/en/norms-for-data-use,,ANB,"Targeted monitoring of crustacea by ANB, Belgium",targeted monitoring,HP02:2022-07-26,2022-07-26,Europe,BE,Flanders,Hanssenpark,50.92443,4.42766,WGS84,30,50.924429267069705,4.427664438787511,EPSG:31370
Event,en,https://creativecommons.org/licenses/by-nc/4.0/legalcode,ANB,http://www.inbo.be/en/norms-for-data-use,,ANB,"Targeted monitoring of crustacea by ANB, Belgium",targeted monitoring,HP03:2022-07-26,2022-07-26,Europe,BE,Flanders,Hanssenpark,50.92443,4.42766,WGS84,30,50.924429267069705,4.427664438787511,EPSG:31370
Event,en,https://creativecommons.org/licenses/by-nc/4.0/legalcode,ANB,http://www.inbo.be/en/norms-for-data-use,,ANB,"Targeted monitoring of crustacea by ANB, Belgium",targeted monitoring,HP04:2022-07-26,2022-07-26,Europe,BE,Flanders,Hanssenpark,50.92443,4.42766,WGS84,30,50.924429267069705,4.427664438787511,EPSG:31370
Event,en,https://creativecommons.org/licenses/by-nc/4.0/legalcode,ANB,http://www.inbo.be/en/norms-for-data-use,,ANB,"Targeted monitoring of crustacea by ANB, Belgium",targeted monitoring,HP05:2022-07-26,2022-07-26,Europe,BE,Flanders,Hanssenpark,50.92443,4.42766,WGS84,30,50.924429267069705,4.427664438787511,EPSG:31370
Event,en,https://creativecommons.org/licenses/by-nc/4.0/legalcode,ANB,http://www.inbo.be/en/norms-for-data-use,,ANB,"Targeted monitoring of crustacea by ANB, Belgium",targeted monitoring,VZ1:2022-07-26,2022-07-26,Europe,BE,Flanders,wachtbekken,50.92196,4.48168,WGS84,30,50.921962330793896,4.4816768995888046,EPSG:31370
Event,en,https://creativecommons.org/licenses/by-nc/4.0/legalcode,ANB,http://www.inbo.be/en/norms-for-data-use,,ANB,"Targeted monitoring of crustacea by ANB, Belgium",targeted monitoring,VZ2:2022-07-26,2022-07-26,Europe,BE,Flanders,wachtbekken,50.92196,4.48168,WGS84,30,50.921962330793896,4.4816768995888046,EPSG:31370
Event,en,https://creativecommons.org/licenses/by-nc/4.0/legalcode,ANB,http://www.inbo.be/en/norms-for-data-use,,ANB,"Targeted monitoring of crustacea by ANB, Belgium",targeted monitoring,VZ3:2022-07-26,2022-07-26,Europe,BE,Flanders,wachtbekken,50.92196,4.48168,WGS84,30,50.921962330793896,4.4816768995888046,EPSG:31370
Event,en,https://creativecommons.org/licenses/by-nc/4.0/legalcode,ANB,http://www.inbo.be/en/norms-for-data-use,,ANB,"Targeted monitoring of crustacea by ANB, Belgium",targeted monitoring,VZ4:2022-07-26,2022-07-26,Europe,BE,Flanders,wachtbekken,50.92196,4.48168,WGS84,30,50.921962330793896,4.4816768995888046,EPSG:31370
Event,en,https://creativecommons.org/licenses/by-nc/4.0/legalcode,ANB,http://www.inbo.be/en/norms-for-data-use,,ANB,"Targeted monitoring of crustacea by ANB, Belgium",targeted monitoring,VZ5:2022-07-26,2022-07-26,Europe,BE,Flanders,wachtbekken,50.92196,4.48168,WGS84,30,50.921962330793896,4.4816768995888046,EPSG:31370
Event,en,https://creativecommons.org/licenses/by-nc/4.0/legalcode,ANB,http://www.inbo.be/en/norms-for-data-use,,ANB,"Targeted monitoring of crustacea by ANB, Belgium",targeted monitoring,D001:2022-07-26,2022-07-26,Europe,BE,Flanders,,50.93679,4.53028,WGS84,30,50.93679157676314,4.530282508869767,EPSG:31370
Event,en,https://creativecommons.org/licenses/by-nc/4.0/legalcode,ANB,http://www.inbo.be/en/norms-for-data-use,,ANB,"Targeted monitoring of crustacea by ANB, Belgium",targeted monitoring,D002:2022-07-26,2022-07-26,Europe,BE,Flanders,,50.93679,4.53028,WGS84,30,50.93679157676314,4.530282508869767,EPSG:31370
Event,en,https://creativecommons.org/licenses/by-nc/4.0/legalcode,ANB,http://www.inbo.be/en/norms-for-data-use,,ANB,"Targeted monitoring of crustacea by ANB, Belgium",targeted monitoring,D003:2022-07-26,2022-07-26,Europe,BE,Flanders,,50.93679,4.53028,WGS84,30,50.93679157676314,4.530282508869767,EPSG:31370
Event,en,https://creativecommons.org/licenses/by-nc/4.0/legalcode,ANB,http://www.inbo.be/en/norms-for-data-use,,ANB,"Targeted monitoring of crustacea by ANB, Belgium",targeted monitoring,SB01:2022-07-26,2022-07-26,Europe,BE,Flanders,Silsombos,50.91443,4.57692,WGS84,30,50.91443336630253,4.576917507986857,EPSG:31370
Event,en,https://creativecommons.org/licenses/by-nc/4.0/legalcode,ANB,http://www.inbo.be/en/norms-for-data-use,,ANB,"Targeted monitoring of crustacea by ANB, Belgium",targeted monitoring,SB02:2022-07-26,2022-07-26,Europe,BE,Flanders,Silsombos,50.91443,4.57692,WGS84,30,50.91443336630253,4.576917507986857,EPSG:31370
Event,en,https://creativecommons.org/licenses/by-nc/4.0/legalcode,ANB,http://www.inbo.be/en/norms-for-data-use,,ANB,"Targeted monitoring of crustacea by ANB, Belgium",targeted monitoring,SB03:2022-07-26,2022-07-26,Europe,BE,Flanders,Silsombos,50.91491,4.57769,WGS84,30,50.91490843129551,4.577687503103172,EPSG:31370
Event,en,https://creativecommons.org/licenses/by-nc/4.0/legalcode,ANB,http://www.inbo.be/en/norms-for-data-use,,ANB,"Targeted monitoring of crustacea by ANB, Belgium",targeted monitoring,SB04:2022-07-26,2022-07-26,Europe,BE,Flanders,Silsombos,50.91491,4.57769,WGS84,30,50.91490843129551,4.577687503103172,EPSG:31370
Event,en,https://creativecommons.org/licenses/by-nc/4.0/legalcode,ANB,http://www.inbo.be/en/norms-for-data-use,,ANB,"Targeted monitoring of crustacea by ANB, Belgium",targeted monitoring,SB05:2022-07-26,2022-07-26,Europe,BE,Flanders,Silsombos,50.91599,4.57687,WGS84,30,50.91598861614404,4.576867546837789,EPSG:31370
Event,en,https://creativecommons.org/licenses/by-nc/4.0/legalcode,ANB,http://www.inbo.be/en/norms-for-data-use,,ANB,"Targeted monitoring of crustacea by ANB, Belgium",targeted monitoring,SB06:2022-07-26,2022-07-26,Europe,BE,Flanders,Silsombos,50.91599,4.57687,WGS84,30,50.91598861614404,4.576867546837789,EPSG:31370
Event,en,https://creativecommons.org/licenses/by-nc/4.0/legalcode,ANB,http://www.inbo.be/en/norms-for-data-use,,ANB,"Targeted monitoring of crustacea by ANB, Belgium",targeted monitoring,138:2022-07-27,2022-07-27,Europe,BE,Flanders,Park Tervuren,-89.88227,-179.55577,WGS84,30,-89.88226955584561,-179.55577128421731,EPSG:31370
Event,en,https://creativecommons.org/licenses/by-nc/4.0/legalcode,ANB,http://www.inbo.be/en/norms-for-data-use,,ANB,"Targeted monitoring of crustacea by ANB, Belgium",targeted monitoring,139:2022-07-27,2022-07-27,Europe,BE,Flanders,Park Tervuren,-89.81102,120.89217,WGS84,30,-89.81102004901847,120.89217212452678,EPSG:31370
Event,en,https://creativecommons.org/licenses/by-nc/4.0/legalcode,ANB,http://www.inbo.be/en/norms-for-data-use,,ANB,"Targeted monitoring of crustacea by ANB, Belgium",targeted monitoring,140:2022-07-27,2022-07-27,Europe,BE,Flanders,Park Tervuren,-89.88209,-179.44407,WGS84,30,-89.88209116335933,-179.44407462851896,EPSG:31370
Event,en,https://creativecommons.org/licenses/by-nc/4.0/legalcode,ANB,http://www.inbo.be/en/norms-for-data-use,,ANB,"Targeted monitoring of crustacea by ANB, Belgium",targeted monitoring,141:2022-07-27,2022-07-27,Europe,BE,Flanders,Park Tervuren,-89.88196,-179.40322,WGS84,30,-89.88195919995627,-179.40321843902376,EPSG:31370
Event,en,https://creativecommons.org/licenses/by-nc/4.0/legalcode,ANB,http://www.inbo.be/en/norms-for-data-use,,ANB,"Targeted monitoring of crustacea by ANB, Belgium",targeted monitoring,142:2022-07-27,2022-07-27,Europe,BE,Flanders,Park Tervuren,-89.88196,-179.42573,WGS84,30,-89.88196423848882,-179.42573091179634,EPSG:31370
Event,en,https://creativecommons.org/licenses/by-nc/4.0/legalcode,ANB,http://www.inbo.be/en/norms-for-data-use,,ANB,"Targeted monitoring of crustacea by ANB, Belgium",targeted monitoring,143:2022-07-27,2022-07-27,Europe,BE,Flanders,Park Tervuren,-89.88201,-179.43464,WGS84,30,-89.8820135605065,-179.43463619907715,EPSG:31370
Event,en,https://creativecommons.org/licenses/by-nc/4.0/legalcode,ANB,http://www.inbo.be/en/norms-for-data-use,,ANB,"Targeted monitoring of crustacea by ANB, Belgium",targeted monitoring,144:2022-07-27,2022-07-27,Europe,BE,Flanders,Park Tervuren,-89.88210,-179.46919,WGS84,30,-89.8820991037628,-179.46919192586063,EPSG:31370
Event,en,https://creativecommons.org/licenses/by-nc/4.0/legalcode,ANB,http://www.inbo.be/en/norms-for-data-use,,ANB,"Targeted monitoring of crustacea by ANB, Belgium",targeted monitoring,145:2022-07-27,2022-07-27,Europe,BE,Flanders,Park Tervuren,-89.82202,-129.79578,WGS84,30,-89.82202287499358,-129.79578139254136,EPSG:31370
Event,en,https://creativecommons.org/licenses/by-nc/4.0/legalcode,ANB,http://www.inbo.be/en/norms-for-data-use,,ANB,"Targeted monitoring of crustacea by ANB, Belgium",targeted monitoring,146:2022-07-27,2022-07-27,Europe,BE,Flanders,Park Tervuren,-89.88207,-179.56921,WGS84,30,-89.88207022288404,-179.5692077287773,EPSG:31370
Event,en,https://creativecommons.org/licenses/by-nc/4.0/legalcode,ANB,http://www.inbo.be/en/norms-for-data-use,,ANB,"Targeted monitoring of crustacea by ANB, Belgium",targeted monitoring,147:2022-07-27,2022-07-27,Europe,BE,Flanders,Park Tervuren,-86.28636,118.61483,WGS84,30,-86.28635658834935,118.61483434797807,EPSG:31370
Event,en,https://creativecommons.org/licenses/by-nc/4.0/legalcode,ANB,http://www.inbo.be/en/norms-for-data-use,,ANB,"Targeted monitoring of crustacea by ANB, Belgium",targeted monitoring,148:2022-07-27,2022-07-27,Europe,BE,Flanders,Park Tervuren,-89.88205,-179.58197,WGS84,30,-89.88204545989856,-179.58197158612415,EPSG:31370
Event,en,https://creativecommons.org/licenses/by-nc/4.0/legalcode,ANB,http://www.inbo.be/en/norms-for-data-use,,ANB,"Targeted monitoring of crustacea by ANB, Belgium",targeted monitoring,149:2022-07-27,2022-07-27,Europe,BE,Flanders,Park Tervuren,-89.88201,-179.57098,WGS84,30,-89.88200793980668,-179.5709757611104,EPSG:31370
Event,en,https://creativecommons.org/licenses/by-nc/4.0/legalcode,ANB,http://www.inbo.be/en/norms-for-data-use,,ANB,"Targeted monitoring of crustacea by ANB, Belgium",targeted monitoring,150:2022-07-27,2022-07-27,Europe,BE,Flanders,Park Tervuren,-89.88189,-179.58153,WGS84,30,-89.88189331552655,-179.5815264748226,EPSG:31370
Event,en,https://creativecommons.org/licenses/by-nc/4.0/legalcode,ANB,http://www.inbo.be/en/norms-for-data-use,,ANB,"Targeted monitoring of crustacea by ANB, Belgium",targeted monitoring,151:2022-07-27,2022-07-27,Europe,BE,Flanders,Park Tervuren,-89.88185,-179.58254,WGS84,30,-89.88185254504565,-179.58253698759688,EPSG:31370
Event,en,https://creativecommons.org/licenses/by-nc/4.0/legalcode,ANB,http://www.inbo.be/en/norms-for-data-use,,ANB,"Targeted monitoring of crustacea by ANB, Belgium",targeted monitoring,152:2022-07-27,2022-07-27,Europe,BE,Flanders,Park Tervuren,-89.88174,-179.59021,WGS84,30,-89.88174008904886,-179.59021417087817,EPSG:31370
Event,en,https://creativecommons.org/licenses/by-nc/4.0/legalcode,ANB,http://www.inbo.be/en/norms-for-data-use,,ANB,"Targeted monitoring of crustacea by ANB, Belgium",targeted monitoring,153:2022-07-27,2022-07-27,Europe,BE,Flanders,Park Tervuren,-89.88165,-179.58619,WGS84,30,-89.8816546018637,-179.5861895132661,EPSG:31370
Event,en,https://creativecommons.org/licenses/by-nc/4.0/legalcode,ANB,http://www.inbo.be/en/norms-for-data-use,,ANB,"Targeted monitoring of crustacea by ANB, Belgium",targeted monitoring,156:2022-07-27,2022-07-27,Europe,BE,Flanders,Park Tervuren,-89.88137,-179.59118,WGS84,30,-89.88136742682163,-179.59118409326717,EPSG:31370
Event,en,https://creativecommons.org/licenses/by-nc/4.0/legalcode,ANB,http://www.inbo.be/en/norms-for-data-use,,ANB,"Targeted monitoring of crustacea by ANB, Belgium",targeted monitoring,157:2022-07-27,2022-07-27,Europe,BE,Flanders,Park Tervuren,-89.88136,-179.58810,WGS84,30,-89.88136312917503,-179.58809870752242,EPSG:31370
Event,en,https://creativecommons.org/licenses/by-nc/4.0/legalcode,ANB,http://www.inbo.be/en/norms-for-data-use,,ANB,"Targeted monitoring of crustacea by ANB, Belgium",targeted monitoring,158:2022-07-27,2022-07-27,Europe,BE,Flanders,Park Tervuren,-89.81131,128.55244,WGS84,30,-89.81130669878415,128.5524355458753,EPSG:31370
Event,en,https://creativecommons.org/licenses/by-nc/4.0/legalcode,ANB,http://www.inbo.be/en/norms-for-data-use,,ANB,"Targeted monitoring of crustacea by ANB, Belgium",targeted monitoring,159:2022-07-27,2022-07-27,Europe,BE,Flanders,Park Tervuren,-89.88164,-179.57363,WGS84,30,-89.8816439319162,-179.57362939956377,EPSG:31370
Event,en,https://creativecommons.org/licenses/by-nc/4.0/legalcode,ANB,http://www.inbo.be/en/norms-for-data-use,,ANB,"Targeted monitoring of crustacea by ANB, Belgium",targeted monitoring,160:2022-07-27,2022-07-27,Europe,BE,Flanders,Park Tervuren,-89.88188,-179.39791,WGS84,30,-89.88187990730611,-179.39790888991493,EPSG:31370
Event,en,https://creativecommons.org/licenses/by-nc/4.0/legalcode,ANB,http://www.inbo.be/en/norms-for-data-use,,ANB,"Targeted monitoring of crustacea by ANB, Belgium",targeted monitoring,161:2022-07-27,2022-07-27,Europe,BE,Flanders,Park Tervuren,-89.88179,-179.40911,WGS84,30,-89.88179422510781,-179.4091073702343,EPSG:31370
Event,en,https://creativecommons.org/licenses/by-nc/4.0/legalcode,ANB,http://www.inbo.be/en/norms-for-data-use,,ANB,"Targeted monitoring of crustacea by ANB, Belgium",targeted monitoring,162:2022-07-27,2022-07-27,Europe,BE,Flanders,Park Tervuren,-89.88168,-179.37415,WGS84,30,-89.88167523496841,-179.37414675337575,EPSG:31370
Event,en,https://creativecommons.org/licenses/by-nc/4.0/legalcode,ANB,http://www.inbo.be/en/norms-for-data-use,,ANB,"Targeted monitoring of crustacea by ANB, Belgium",targeted monitoring,163:2022-07-27,2022-07-27,Europe,BE,Flanders,Park Tervuren,-89.82163,-129.76967,WGS84,30,-89.82163492106696,-129.76966732308432,EPSG:31370
Event,en,https://creativecommons.org/licenses/by-nc/4.0/legalcode,ANB,http://www.inbo.be/en/norms-for-data-use,,ANB,"Targeted monitoring of crustacea by ANB, Belgium",targeted monitoring,164:2022-07-27,2022-07-27,Europe,BE,Flanders,Park Tervuren,-89.88135,-179.33363,WGS84,30,-89.88134688299519,-179.33363056852474,EPSG:31370
Event,en,https://creativecommons.org/licenses/by-nc/4.0/legalcode,ANB,http://www.inbo.be/en/norms-for-data-use,,ANB,"Targeted monitoring of crustacea by ANB, Belgium",targeted monitoring,165:2022-07-27,2022-07-27,Europe,BE,Flanders,Park Tervuren,-89.88132,-179.35988,WGS84,30,-89.8813222747268,-179.35987705044997,EPSG:31370
Event,en,https://creativecommons.org/licenses/by-nc/4.0/legalcode,ANB,http://www.inbo.be/en/norms-for-data-use,,ANB,"Targeted monitoring of crustacea by ANB, Belgium",targeted monitoring,166:2022-07-27,2022-07-27,Europe,BE,Flanders,Park Tervuren,-89.88122,-179.33069,WGS84,30,-89.8812193467171,-179.33069259475994,EPSG:31370
Event,en,https://creativecommons.org/licenses/by-nc/4.0/legalcode,ANB,http://www.inbo.be/en/norms-for-data-use,,ANB,"Targeted monitoring of crustacea by ANB, Belgium",targeted monitoring,167:2022-07-27,2022-07-27,Europe,BE,Flanders,Park Tervuren,-89.88120,-179.35336,WGS84,30,-89.88119547100408,-179.35335852451414,EPSG:31370
Event,en,https://creativecommons.org/licenses/by-nc/4.0/legalcode,ANB,http://www.inbo.be/en/norms-for-data-use,,ANB,"Targeted monitoring of crustacea by ANB, Belgium",targeted monitoring,168:2022-07-27,2022-07-27,Europe,BE,Flanders,Park Tervuren,-89.88136,-179.40239,WGS84,30,-89.88135785716037,-179.4023901979473,EPSG:31370
Event,en,https://creativecommons.org/licenses/by-nc/4.0/legalcode,ANB,http://www.inbo.be/en/norms-for-data-use,,ANB,"Targeted monitoring of crustacea by ANB, Belgium",targeted monitoring,169:2022-07-27,2022-07-27,Europe,BE,Flanders,Park Tervuren,-89.88136,-179.40525,WGS84,30,-89.88136077164245,-179.40524610295319,EPSG:31370
Event,en,https://creativecommons.org/licenses/by-nc/4.0/legalcode,ANB,http://www.inbo.be/en/norms-for-data-use,,ANB,"Targeted monitoring of crustacea by ANB, Belgium",targeted monitoring,171:2022-07-28,2022-07-28,Europe,BE,Flanders,Zonienwoud,-89.81186,-129.77983,WGS84,30,-89.81185932892659,-129.77983154756035,EPSG:31370
Event,en,https://creativecommons.org/licenses/by-nc/4.0/legalcode,ANB,http://www.inbo.be/en/norms-for-data-use,,ANB,"Targeted monitoring of crustacea by ANB, Belgium",targeted monitoring,172:2022-07-28,2022-07-28,Europe,BE,Flanders,Zonienwoud,-89.87494,-179.40894,WGS84,30,-89.87494374531592,-179.40893538293565,EPSG:31370
Event,en,https://creativecommons.org/licenses/by-nc/4.0/legalcode,ANB,http://www.inbo.be/en/norms-for-data-use,,ANB,"Targeted monitoring of crustacea by ANB, Belgium",targeted monitoring,173:2022-07-28,2022-07-28,Europe,BE,Flanders,Zonienwoud,-89.87497,-179.39680,WGS84,30,-89.87497258695785,-179.3968010596417,EPSG:31370
Event,en,https://creativecommons.org/licenses/by-nc/4.0/legalcode,ANB,http://www.inbo.be/en/norms-for-data-use,,ANB,"Targeted monitoring of crustacea by ANB, Belgium",targeted monitoring,174:2022-07-28,2022-07-28,Europe,BE,Flanders,Zonienwoud,-87.49191,179.75398,WGS84,30,-87.4919104296346,179.75398056241656,EPSG:31370
Event,en,https://creativecommons.org/licenses/by-nc/4.0/legalcode,ANB,http://www.inbo.be/en/norms-for-data-use,,ANB,"Targeted monitoring of crustacea by ANB, Belgium",targeted monitoring,175:2022-07-28,2022-07-28,Europe,BE,Flanders,Zonienwoud,-89.87489,-179.38123,WGS84,30,-89.87488827693505,-179.38123417364014,EPSG:31370
Event,en,https://creativecommons.org/licenses/by-nc/4.0/legalcode,ANB,http://www.inbo.be/en/norms-for-data-use,,ANB,"Targeted monitoring of crustacea by ANB, Belgium",targeted monitoring,176:2022-07-28,2022-07-28,Europe,BE,Flanders,Zonienwoud,-89.87488,-179.37141,WGS84,30,-89.87488371562014,-179.37140875094687,EPSG:31370
Event,en,https://creativecommons.org/licenses/by-nc/4.0/legalcode,ANB,http://www.inbo.be/en/norms-for-data-use,,ANB,"Targeted monitoring of crustacea by ANB, Belgium",targeted monitoring,177:2022-07-28,2022-07-28,Europe,BE,Flanders,Zonienwoud,-89.87483,-179.37391,WGS84,30,-89.87482993387455,-179.3739114581205,EPSG:31370
Event,en,https://creativecommons.org/licenses/by-nc/4.0/legalcode,ANB,http://www.inbo.be/en/norms-for-data-use,,ANB,"Targeted monitoring of crustacea by ANB, Belgium",targeted monitoring,178:2022-07-28,2022-07-28,Europe,BE,Flanders,Zonienwoud,-89.87477,-179.35279,WGS84,30,-89.87477127738349,-179.35278660044307,EPSG:31370
Event,en,https://creativecommons.org/licenses/by-nc/4.0/legalcode,ANB,http://www.inbo.be/en/norms-for-data-use,,ANB,"Targeted monitoring of crustacea by ANB, Belgium",targeted monitoring,179:2022-07-28,2022-07-28,Europe,BE,Flanders,Zonienwoud,-89.87461,-179.31061,WGS84,30,-89.87461453885304,-179.31061267203035,EPSG:31370
Event,en,https://creativecommons.org/licenses/by-nc/4.0/legalcode,ANB,http://www.inbo.be/en/norms-for-data-use,,ANB,"Targeted monitoring of crustacea by ANB, Belgium",targeted monitoring,180:2022-07-28,2022-07-28,Europe,BE,Flanders,Zonienwoud,-89.87461,-179.30943,WGS84,30,-89.87461407721312,-179.3094277955174,EPSG:31370
Event,en,https://creativecommons.org/licenses/by-nc/4.0/legalcode,ANB,http://www.inbo.be/en/norms-for-data-use,,ANB,"Targeted monitoring of crustacea by ANB, Belgium",targeted monitoring,181:2022-07-28,2022-07-28,Europe,BE,Flanders,Zonienwoud,-89.87478,-179.34756,WGS84,30,-89.8747783983963,-179.34756353716045,EPSG:31370
Event,en,https://creativecommons.org/licenses/by-nc/4.0/legalcode,ANB,http://www.inbo.be/en/norms-for-data-use,,ANB,"Targeted monitoring of crustacea by ANB, Belgium",targeted monitoring,182:2022-07-28,2022-07-28,Europe,BE,Flanders,Zonienwoud,-89.87489,-179.38633,WGS84,30,-89.87489099870668,-179.3863250846477,EPSG:31370
Event,en,https://creativecommons.org/licenses/by-nc/4.0/legalcode,ANB,http://www.inbo.be/en/norms-for-data-use,,ANB,"Targeted monitoring of crustacea by ANB, Belgium",targeted monitoring,183:2022-07-28,2022-07-28,Europe,BE,Flanders,Zonienwoud,-89.80164,120.87658,WGS84,30,-89.80163551514643,120.87657891941998,EPSG:31370
Event,en,https://creativecommons.org/licenses/by-nc/4.0/legalcode,ANB,http://www.inbo.be/en/norms-for-data-use,,ANB,"Targeted monitoring of crustacea by ANB, Belgium",targeted monitoring,184:2022-07-28,2022-07-28,Europe,BE,Flanders,Zonienwoud,-89.87590,-179.67085,WGS84,30,-89.87590101178033,-179.67085027154425,EPSG:31370
Event,en,https://creativecommons.org/licenses/by-nc/4.0/legalcode,ANB,http://www.inbo.be/en/norms-for-data-use,,ANB,"Targeted monitoring of crustacea by ANB, Belgium",targeted monitoring,185:2022-07-28,2022-07-28,Europe,BE,Flanders,Zonienwoud,-89.87596,-179.65195,WGS84,30,-89.87596467480223,-179.6519503833551,EPSG:31370
Event,en,https://creativecommons.org/licenses/by-nc/4.0/legalcode,ANB,http://www.inbo.be/en/norms-for-data-use,,ANB,"Targeted monitoring of crustacea by ANB, Belgium",targeted monitoring,186:2022-07-28,2022-07-28,Europe,BE,Flanders,Zonienwoud,-89.81245,-129.80277,WGS84,30,-89.81245018753013,-129.80277271571276,EPSG:31370
Event,en,https://creativecommons.org/licenses/by-nc/4.0/legalcode,ANB,http://www.inbo.be/en/norms-for-data-use,,ANB,"Targeted monitoring of crustacea by ANB, Belgium",targeted monitoring,187:2022-07-28,2022-07-28,Europe,BE,Flanders,Zonienwoud,-89.87605,-179.59522,WGS84,30,-89.87605186039988,-179.59521773232544,EPSG:31370
Event,en,https://creativecommons.org/licenses/by-nc/4.0/legalcode,ANB,http://www.inbo.be/en/norms-for-data-use,,ANB,"Targeted monitoring of crustacea by ANB, Belgium",targeted monitoring,188:2022-07-28,2022-07-28,Europe,BE,Flanders,Zonienwoud,-89.87587,-179.55318,WGS84,30,-89.87586691629531,-179.55318296692212,EPSG:31370
Event,en,https://creativecommons.org/licenses/by-nc/4.0/legalcode,ANB,http://www.inbo.be/en/norms-for-data-use,,ANB,"Targeted monitoring of crustacea by ANB, Belgium",targeted monitoring,189:2022-07-28,2022-07-28,Europe,BE,Flanders,Zonienwoud,-89.87584,-179.54623,WGS84,30,-89.87583805169348,-179.54623497346415,EPSG:31370
Event,en,https://creativecommons.org/licenses/by-nc/4.0/legalcode,ANB,http://www.inbo.be/en/norms-for-data-use,,ANB,"Targeted monitoring of crustacea by ANB, Belgium",targeted monitoring,190:2022-07-28,2022-07-28,Europe,BE,Flanders,Zonienwoud,-89.87576,-179.53629,WGS84,30,-89.87575704389685,-179.5362935809844,EPSG:31370
Event,en,https://creativecommons.org/licenses/by-nc/4.0/legalcode,ANB,http://www.inbo.be/en/norms-for-data-use,,ANB,"Targeted monitoring of crustacea by ANB, Belgium",targeted monitoring,191:2022-07-28,2022-07-28,Europe,BE,Flanders,Zonienwoud,-89.81226,-129.78829,WGS84,30,-89.8122583095839,-129.78828851928165,EPSG:31370
Event,en,https://creativecommons.org/licenses/by-nc/4.0/legalcode,ANB,http://www.inbo.be/en/norms-for-data-use,,ANB,"Targeted monitoring of crustacea by ANB, Belgium",targeted monitoring,192:2022-07-28,2022-07-28,Europe,BE,Flanders,Zonienwoud,-89.87573,-179.52740,WGS84,30,-89.87573114162825,-179.5274035853802,EPSG:31370
Event,en,https://creativecommons.org/licenses/by-nc/4.0/legalcode,ANB,http://www.inbo.be/en/norms-for-data-use,,ANB,"Targeted monitoring of crustacea by ANB, Belgium",targeted monitoring,193:2022-07-28,2022-07-28,Europe,BE,Flanders,Zonienwoud,-89.87564,-179.51874,WGS84,30,-89.87563962852803,-179.51874354125113,EPSG:31370
Event,en,https://creativecommons.org/licenses/by-nc/4.0/legalcode,ANB,http://www.inbo.be/en/norms-for-data-use,,ANB,"Targeted monitoring of crustacea by ANB, Belgium",targeted monitoring,194:2022-07-28,2022-07-28,Europe,BE,Flanders,Zonienwoud,-89.81211,-129.78436,WGS84,30,-89.81211277079468,-129.78436316380237,EPSG:31370
Event,en,https://creativecommons.org/licenses/by-nc/4.0/legalcode,ANB,http://www.inbo.be/en/norms-for-data-use,,ANB,"Targeted monitoring of crustacea by ANB, Belgium",targeted monitoring,195:2022-07-28,2022-07-28,Europe,BE,Flanders,Zonienwoud,-89.87585,-179.71782,WGS84,30,-89.8758458576889,-179.71782012712552,EPSG:31370
Event,en,https://creativecommons.org/licenses/by-nc/4.0/legalcode,ANB,http://www.inbo.be/en/norms-for-data-use,,ANB,"Targeted monitoring of crustacea by ANB, Belgium",targeted monitoring,196:2022-07-28,2022-07-28,Europe,BE,Flanders,Zonienwoud,-89.81199,-129.81700,WGS84,30,-89.8119942265079,-129.8169984537321,EPSG:31370
Event,en,https://creativecommons.org/licenses/by-nc/4.0/legalcode,ANB,http://www.inbo.be/en/norms-for-data-use,,ANB,"Targeted monitoring of crustacea by ANB, Belgium",targeted monitoring,197:2022-07-28,2022-07-28,Europe,BE,Flanders,Zonienwoud,-89.87589,-179.69986,WGS84,30,-89.87589475827222,-179.6998622365066,EPSG:31370
Event,en,https://creativecommons.org/licenses/by-nc/4.0/legalcode,ANB,http://www.inbo.be/en/norms-for-data-use,,ANB,"Targeted monitoring of crustacea by ANB, Belgium",targeted monitoring,198:2022-07-28,2022-07-28,Europe,BE,Flanders,Zonienwoud,-89.87586,-179.72677,WGS84,30,-89.87585569095009,-179.72676595716047,EPSG:31370
Event,en,https://creativecommons.org/licenses/by-nc/4.0/legalcode,ANB,http://www.inbo.be/en/norms-for-data-use,,ANB,"Targeted monitoring of crustacea by ANB, Belgium",targeted monitoring,199:2022-08-01,2022-08-01,Europe,BE,Flanders,Domein Hofstade,-89.88891,-175.40409,WGS84,30,-89.88891325705087,-175.40408712212948,EPSG:31370
Event,en,https://creativecommons.org/licenses/by-nc/4.0/legalcode,ANB,http://www.inbo.be/en/norms-for-data-use,,ANB,"Targeted monitoring of crustacea by ANB, Belgium",targeted monitoring,200:2022-08-01,2022-08-01,Europe,BE,Flanders,Domein Hofstade,-89.88891,-175.36474,WGS84,30,-89.88891176343823,-175.3647395502917,EPSG:31370
Event,en,https://creativecommons.org/licenses/by-nc/4.0/legalcode,ANB,http://www.inbo.be/en/norms-for-data-use,,ANB,"Targeted monitoring of crustacea by ANB, Belgium",targeted monitoring,201:2022-08-01,2022-08-01,Europe,BE,Flanders,Domein Hofstade,-89.88894,-175.36658,WGS84,30,-89.88893844900898,-175.36657528545135,EPSG:31370
Event,en,https://creativecommons.org/licenses/by-nc/4.0/legalcode,ANB,http://www.inbo.be/en/norms-for-data-use,,ANB,"Targeted monitoring of crustacea by ANB, Belgium",targeted monitoring,202:2022-08-01,2022-08-01,Europe,BE,Flanders,Domein Hofstade,-89.88894,-175.36678,WGS84,30,-89.88893980880658,-175.36678350617197,EPSG:31370
Event,en,https://creativecommons.org/licenses/by-nc/4.0/legalcode,ANB,http://www.inbo.be/en/norms-for-data-use,,ANB,"Targeted monitoring of crustacea by ANB, Belgium",targeted monitoring,203:2022-08-01,2022-08-01,Europe,BE,Flanders,Domein Hofstade,-89.88892,-175.30548,WGS84,30,-89.88892491977542,-175.30548349143316,EPSG:31370
Event,en,https://creativecommons.org/licenses/by-nc/4.0/legalcode,ANB,http://www.inbo.be/en/norms-for-data-use,,ANB,"Targeted monitoring of crustacea by ANB, Belgium",targeted monitoring,205:2022-08-01,2022-08-01,Europe,BE,Flanders,Domein Hofstade,-89.88894,-175.30531,WGS84,30,-89.8889387970144,-175.30531046776338,EPSG:31370
Event,en,https://creativecommons.org/licenses/by-nc/4.0/legalcode,ANB,http://www.inbo.be/en/norms-for-data-use,,ANB,"Targeted monitoring of crustacea by ANB, Belgium",targeted monitoring,206:2022-08-01,2022-08-01,Europe,BE,Flanders,Domein Hofstade,-89.88895,-175.44204,WGS84,30,-89.88895016196265,-175.44204291081073,EPSG:31370
Event,en,https://creativecommons.org/licenses/by-nc/4.0/legalcode,ANB,http://www.inbo.be/en/norms-for-data-use,,ANB,"Targeted monitoring of crustacea by ANB, Belgium",targeted monitoring,207:2022-08-01,2022-08-01,Europe,BE,Flanders,Domein Hofstade,-89.80866,129.46653,WGS84,30,-89.80866307617318,129.46653117962612,EPSG:31370
Event,en,https://creativecommons.org/licenses/by-nc/4.0/legalcode,ANB,http://www.inbo.be/en/norms-for-data-use,,ANB,"Targeted monitoring of crustacea by ANB, Belgium",targeted monitoring,208:2022-08-01,2022-08-01,Europe,BE,Flanders,Domein Hofstade,-89.88897,-175.32735,WGS84,30,-89.888973169566,-175.32734919473216,EPSG:31370
Event,en,https://creativecommons.org/licenses/by-nc/4.0/legalcode,ANB,http://www.inbo.be/en/norms-for-data-use,,ANB,"Targeted monitoring of crustacea by ANB, Belgium",targeted monitoring,209:2022-08-01,2022-08-01,Europe,BE,Flanders,Domein Hofstade,-89.88897,-175.26648,WGS84,30,-89.88897379033097,-175.2664814068472,EPSG:31370
Event,en,https://creativecommons.org/licenses/by-nc/4.0/legalcode,ANB,http://www.inbo.be/en/norms-for-data-use,,ANB,"Targeted monitoring of crustacea by ANB, Belgium",targeted monitoring,210:2022-08-01,2022-08-01,Europe,BE,Flanders,Domein Hofstade,-89.88902,-175.29221,WGS84,30,-89.8890227936547,-175.2922120920224,EPSG:31370
Event,en,https://creativecommons.org/licenses/by-nc/4.0/legalcode,ANB,http://www.inbo.be/en/norms-for-data-use,,ANB,"Targeted monitoring of crustacea by ANB, Belgium",targeted monitoring,211:2022-08-01,2022-08-01,Europe,BE,Flanders,Domein Hofstade,-89.88907,-175.31499,WGS84,30,-89.88907221473282,-175.3149851081989,EPSG:31370
Event,en,https://creativecommons.org/licenses/by-nc/4.0/legalcode,ANB,http://www.inbo.be/en/norms-for-data-use,,ANB,"Targeted monitoring of crustacea by ANB, Belgium",targeted monitoring,212:2022-08-01,2022-08-01,Europe,BE,Flanders,Domein Hofstade,-89.88912,-175.39161,WGS84,30,-89.88911580392747,-175.39161105057056,EPSG:31370
Event,en,https://creativecommons.org/licenses/by-nc/4.0/legalcode,ANB,http://www.inbo.be/en/norms-for-data-use,,ANB,"Targeted monitoring of crustacea by ANB, Belgium",targeted monitoring,213:2022-08-01,2022-08-01,Europe,BE,Flanders,Domein Hofstade,-89.84318,-129.08489,WGS84,30,-89.84317753637785,-129.0848917661088,EPSG:31370
Event,en,https://creativecommons.org/licenses/by-nc/4.0/legalcode,ANB,http://www.inbo.be/en/norms-for-data-use,,ANB,"Targeted monitoring of crustacea by ANB, Belgium",targeted monitoring,214:2022-08-01,2022-08-01,Europe,BE,Flanders,Domein Hofstade,-89.88920,-175.47838,WGS84,30,-89.8891990047397,-175.4783840657808,EPSG:31370
Event,en,https://creativecommons.org/licenses/by-nc/4.0/legalcode,ANB,http://www.inbo.be/en/norms-for-data-use,,ANB,"Targeted monitoring of crustacea by ANB, Belgium",targeted monitoring,215:2022-08-01,2022-08-01,Europe,BE,Flanders,Domein Hofstade,-89.80787,120.88777,WGS84,30,-89.8078664953059,120.88776876541127,EPSG:31370
Event,en,https://creativecommons.org/licenses/by-nc/4.0/legalcode,ANB,http://www.inbo.be/en/norms-for-data-use,,ANB,"Targeted monitoring of crustacea by ANB, Belgium",targeted monitoring,216:2022-08-01,2022-08-01,Europe,BE,Flanders,Domein Hofstade,-89.88923,-175.61361,WGS84,30,-89.8892265604905,-175.61360585967012,EPSG:31370
Event,en,https://creativecommons.org/licenses/by-nc/4.0/legalcode,ANB,http://www.inbo.be/en/norms-for-data-use,,ANB,"Targeted monitoring of crustacea by ANB, Belgium",targeted monitoring,217:2022-08-01,2022-08-01,Europe,BE,Flanders,Domein Hofstade,-89.80934,129.42709,WGS84,30,-89.8093358157234,129.4270940644014,EPSG:31370
Event,en,https://creativecommons.org/licenses/by-nc/4.0/legalcode,ANB,http://www.inbo.be/en/norms-for-data-use,,ANB,"Targeted monitoring of crustacea by ANB, Belgium",targeted monitoring,218:2022-08-01,2022-08-01,Europe,BE,Flanders,Domein Hofstade,-89.88893,-175.47478,WGS84,30,-89.888926373023,-175.47478165673917,EPSG:31370
Event,en,https://creativecommons.org/licenses/by-nc/4.0/legalcode,ANB,http://www.inbo.be/en/norms-for-data-use,,ANB,"Targeted monitoring of crustacea by ANB, Belgium",targeted monitoring,219:2022-08-01,2022-08-01,Europe,BE,Flanders,Domein Hofstade,-89.80906,129.43871,WGS84,30,-89.80905786374429,129.43870756236066,EPSG:31370
Event,en,https://creativecommons.org/licenses/by-nc/4.0/legalcode,ANB,http://www.inbo.be/en/norms-for-data-use,,ANB,"Targeted monitoring of crustacea by ANB, Belgium",targeted monitoring,220:2022-08-01,2022-08-01,Europe,BE,Flanders,Domein Hofstade,-89.88946,-175.51324,WGS84,30,-89.88946025175875,-175.51323569010893,EPSG:31370
Event,en,https://creativecommons.org/licenses/by-nc/4.0/legalcode,ANB,http://www.inbo.be/en/norms-for-data-use,,ANB,"Targeted monitoring of crustacea by ANB, Belgium",targeted monitoring,221:2022-08-01,2022-08-01,Europe,BE,Flanders,Domein Hofstade,-89.88953,-175.41560,WGS84,30,-89.88952664428801,-175.41559953111152,EPSG:31370
Event,en,https://creativecommons.org/licenses/by-nc/4.0/legalcode,ANB,http://www.inbo.be/en/norms-for-data-use,,ANB,"Targeted monitoring of crustacea by ANB, Belgium",targeted monitoring,222:2022-08-01,2022-08-01,Europe,BE,Flanders,Domein Hofstade,-89.88948,-175.43196,WGS84,30,-89.88947589558194,-175.43196376169092,EPSG:31370
Event,en,https://creativecommons.org/licenses/by-nc/4.0/legalcode,ANB,http://www.inbo.be/en/norms-for-data-use,,ANB,"Targeted monitoring of crustacea by ANB, Belgium",targeted monitoring,223:2022-08-01,2022-08-01,Europe,BE,Flanders,Domein Hofstade,-89.80943,129.47043,WGS84,30,-89.809430497192,129.4704291037407,EPSG:31370
Event,en,https://creativecommons.org/licenses/by-nc/4.0/legalcode,ANB,http://www.inbo.be/en/norms-for-data-use,,ANB,"Targeted monitoring of crustacea by ANB, Belgium",targeted monitoring,224:2022-08-01,2022-08-01,Europe,BE,Flanders,Domein Hofstade,-89.88940,-175.43526,WGS84,30,-89.8893992969811,-175.43525590391096,EPSG:31370
Event,en,https://creativecommons.org/licenses/by-nc/4.0/legalcode,ANB,http://www.inbo.be/en/norms-for-data-use,,ANB,"Targeted monitoring of crustacea by ANB, Belgium",targeted monitoring,225:2022-08-01,2022-08-01,Europe,BE,Flanders,Domein Hofstade,-89.80943,129.46025,WGS84,30,-89.80943082289265,129.46025489873873,EPSG:31370
Event,en,https://creativecommons.org/licenses/by-nc/4.0/legalcode,ANB,http://www.inbo.be/en/norms-for-data-use,,ANB,"Targeted monitoring of crustacea by ANB, Belgium",targeted monitoring,226:2022-08-01,2022-08-01,Europe,BE,Flanders,Domein Hofstade,-89.88935,-175.32839,WGS84,30,-89.88935268273944,-175.32838611935617,EPSG:31370
Event,en,https://creativecommons.org/licenses/by-nc/4.0/legalcode,ANB,http://www.inbo.be/en/norms-for-data-use,,ANB,"Targeted monitoring of crustacea by ANB, Belgium",targeted monitoring,227:2022-08-01,2022-08-01,Europe,BE,Flanders,Domein Hofstade,-89.88932,-175.32302,WGS84,30,-89.88932130916612,-175.32301674031362,EPSG:31370
Event,en,https://creativecommons.org/licenses/by-nc/4.0/legalcode,ANB,http://www.inbo.be/en/norms-for-data-use,,ANB,"Targeted monitoring of crustacea by ANB, Belgium",targeted monitoring,228:2022-08-01,2022-08-01,Europe,BE,Flanders,Domein Hofstade,-89.88909,-175.28912,WGS84,30,-89.88909472353225,-175.28912086712282,EPSG:31370
Event,en,https://creativecommons.org/licenses/by-nc/4.0/legalcode,ANB,http://www.inbo.be/en/norms-for-data-use,,ANB,"Targeted monitoring of crustacea by ANB, Belgium",targeted monitoring,229:2022-08-01,2022-08-01,Europe,BE,Flanders,Domein Hofstade,-89.88906,-175.32483,WGS84,30,-89.88905549555564,-175.32482902838385,EPSG:31370
Event,en,https://creativecommons.org/licenses/by-nc/4.0/legalcode,ANB,http://www.inbo.be/en/norms-for-data-use,,ANB,"Targeted monitoring of crustacea by ANB, Belgium",targeted monitoring,230:2022-08-01,2022-08-01,Europe,BE,Flanders,Domein Hofstade,-89.88918,-175.42428,WGS84,30,-89.88917659260706,-175.42427623393286,EPSG:31370
Event,en,https://creativecommons.org/licenses/by-nc/4.0/legalcode,ANB,http://www.inbo.be/en/norms-for-data-use,,ANB,"Targeted monitoring of crustacea by ANB, Belgium",targeted monitoring,231:2022-08-01,2022-08-01,Europe,BE,Flanders,Domein Hofstade,-89.88914,-175.61505,WGS84,30,-89.88913593625834,-175.61504851029636,EPSG:31370
Event,en,https://creativecommons.org/licenses/by-nc/4.0/legalcode,ANB,http://www.inbo.be/en/norms-for-data-use,,ANB,"Targeted monitoring of crustacea by ANB, Belgium",targeted monitoring,DC30:2022-08-23,2022-08-23,Europe,BE,Flanders,weerdse vijver,50.98054,4.48178,WGS84,30,50.98053616336861,4.481776156908186,EPSG:31370
Event,en,https://creativecommons.org/licenses/by-nc/4.0/legalcode,ANB,http://www.inbo.be/en/norms-for-data-use,,ANB,"Targeted monitoring of crustacea by ANB, Belgium",targeted monitoring,DC31:2022-08-23,2022-08-23,Europe,BE,Flanders,weerdse vijver,50.98054,4.48178,WGS84,30,50.98053616336861,4.481776156908186,EPSG:31370
Event,en,https://creativecommons.org/licenses/by-nc/4.0/legalcode,ANB,http://www.inbo.be/en/norms-for-data-use,,ANB,"Targeted monitoring of crustacea by ANB, Belgium",targeted monitoring,DC32:2022-08-23,2022-08-23,Europe,BE,Flanders,weerdse vijver,50.98054,4.48178,WGS84,30,50.98053616336861,4.481776156908186,EPSG:31370
Event,en,https://creativecommons.org/licenses/by-nc/4.0/legalcode,ANB,http://www.inbo.be/en/norms-for-data-use,,ANB,"Targeted monitoring of crustacea by ANB, Belgium",targeted monitoring,DC33:2022-08-23,2022-08-23,Europe,BE,Flanders,weerdse vijver,50.98054,4.48178,WGS84,30,50.98053616336861,4.481776156908186,EPSG:31370
Event,en,https://creativecommons.org/licenses/by-nc/4.0/legalcode,ANB,http://www.inbo.be/en/norms-for-data-use,,ANB,"Targeted monitoring of crustacea by ANB, Belgium",targeted monitoring,DC34:2022-08-23,2022-08-23,Europe,BE,Flanders,weerdse vijver,50.98054,4.48178,WGS84,30,50.98053616336861,4.481776156908186,EPSG:31370
Event,en,https://creativecommons.org/licenses/by-nc/4.0/legalcode,ANB,http://www.inbo.be/en/norms-for-data-use,,ANB,"Targeted monitoring of crustacea by ANB, Belgium",targeted monitoring,DC35:2022-08-23,2022-08-23,Europe,BE,Flanders,weerdse vijver,50.98054,4.48178,WGS84,30,50.98053616336861,4.481776156908186,EPSG:31370
Event,en,https://creativecommons.org/licenses/by-nc/4.0/legalcode,ANB,http://www.inbo.be/en/norms-for-data-use,,ANB,"Targeted monitoring of crustacea by ANB, Belgium",targeted monitoring,DC36:2022-08-23,2022-08-23,Europe,BE,Flanders,weerdse vijver,50.98054,4.48178,WGS84,30,50.98053616336861,4.481776156908186,EPSG:31370
Event,en,https://creativecommons.org/licenses/by-nc/4.0/legalcode,ANB,http://www.inbo.be/en/norms-for-data-use,,ANB,"Targeted monitoring of crustacea by ANB, Belgium",targeted monitoring,DC37:2022-08-23,2022-08-23,Europe,BE,Flanders,weerdse vijver,50.98054,4.48178,WGS84,30,50.98053616336861,4.481776156908186,EPSG:31370
Event,en,https://creativecommons.org/licenses/by-nc/4.0/legalcode,ANB,http://www.inbo.be/en/norms-for-data-use,,ANB,"Targeted monitoring of crustacea by ANB, Belgium",targeted monitoring,DC38:2022-09-01,2022-09-01,Europe,BE,Flanders,Dorent,50.94979,4.44001,WGS84,30,50.94979010375953,4.440006090446017,EPSG:31370
Event,en,https://creativecommons.org/licenses/by-nc/4.0/legalcode,ANB,http://www.inbo.be/en/norms-for-data-use,,ANB,"Targeted monitoring of crustacea by ANB, Belgium",targeted monitoring,DC39:2022-09-01,2022-09-01,Europe,BE,Flanders,Dorent,50.94979,4.44001,WGS84,30,50.94979010375953,4.440006090446017,EPSG:31370
Event,en,https://creativecommons.org/licenses/by-nc/4.0/legalcode,ANB,http://www.inbo.be/en/norms-for-data-use,,ANB,"Targeted monitoring of crustacea by ANB, Belgium",targeted monitoring,DC40:2022-09-01,2022-09-01,Europe,BE,Flanders,Dorent,50.94979,4.44001,WGS84,30,50.94979010375953,4.440006090446017,EPSG:31370
Event,en,https://creativecommons.org/licenses/by-nc/4.0/legalcode,ANB,http://www.inbo.be/en/norms-for-data-use,,ANB,"Targeted monitoring of crustacea by ANB, Belgium",targeted monitoring,DC41:2022-09-01,2022-09-01,Europe,BE,Flanders,Dorent,50.94979,4.44001,WGS84,30,50.94979010375953,4.440006090446017,EPSG:31370
Event,en,https://creativecommons.org/licenses/by-nc/4.0/legalcode,ANB,http://www.inbo.be/en/norms-for-data-use,,ANB,"Targeted monitoring of crustacea by ANB, Belgium",targeted monitoring,DC42:2022-09-01,2022-09-01,Europe,BE,Flanders,Dorent,50.94979,4.44001,WGS84,30,50.94979010375953,4.440006090446017,EPSG:31370
Event,en,https://creativecommons.org/licenses/by-nc/4.0/legalcode,ANB,http://www.inbo.be/en/norms-for-data-use,,ANB,"Targeted monitoring of crustacea by ANB, Belgium",targeted monitoring,DC43:2022-09-01,2022-09-01,Europe,BE,Flanders,Dorent,50.94979,4.44001,WGS84,30,50.94979010375953,4.440006090446017,EPSG:31370
Event,en,https://creativecommons.org/licenses/by-nc/4.0/legalcode,ANB,http://www.inbo.be/en/norms-for-data-use,,ANB,"Targeted monitoring of crustacea by ANB, Belgium",targeted monitoring,DC44:2022-09-01,2022-09-01,Europe,BE,Flanders,Dorent,50.95300,4.44661,WGS84,30,50.953004021495886,4.4466144484289805,EPSG:31370
Event,en,https://creativecommons.org/licenses/by-nc/4.0/legalcode,ANB,http://www.inbo.be/en/norms-for-data-use,,ANB,"Targeted monitoring of crustacea by ANB, Belgium",targeted monitoring,DC45:2022-09-01,2022-09-01,Europe,BE,Flanders,Dorent,50.95300,4.44661,WGS84,30,50.953004021495886,4.4466144484289805,EPSG:31370
Event,en,https://creativecommons.org/licenses/by-nc/4.0/legalcode,ANB,http://www.inbo.be/en/norms-for-data-use,,ANB,"Targeted monitoring of crustacea by ANB, Belgium",targeted monitoring,DC46:2022-09-01,2022-09-01,Europe,BE,Flanders,Dorent,50.95300,4.44661,WGS84,30,50.953004021495886,4.4466144484289805,EPSG:31370
Event,en,https://creativecommons.org/licenses/by-nc/4.0/legalcode,ANB,http://www.inbo.be/en/norms-for-data-use,,ANB,"Targeted monitoring of crustacea by ANB, Belgium",targeted monitoring,DC47:2022-09-01,2022-09-01,Europe,BE,Flanders,Dorent,50.95300,4.44661,WGS84,30,50.953004021495886,4.4466144484289805,EPSG:31370
Event,en,https://creativecommons.org/licenses/by-nc/4.0/legalcode,ANB,http://www.inbo.be/en/norms-for-data-use,,ANB,"Targeted monitoring of crustacea by ANB, Belgium",targeted monitoring,DC48:2022-09-01,2022-09-01,Europe,BE,Flanders,Dorent,50.95300,4.44661,WGS84,30,50.953004021495886,4.4466144484289805,EPSG:31370
Event,en,https://creativecommons.org/licenses/by-nc/4.0/legalcode,ANB,http://www.inbo.be/en/norms-for-data-use,,ANB,"Targeted monitoring of crustacea by ANB, Belgium",targeted monitoring,DC49:2022-09-01,2022-09-01,Europe,BE,Flanders,Dorent,50.95300,4.44661,WGS84,30,50.953004021495886,4.4466144484289805,EPSG:31370
Event,en,https://creativecommons.org/licenses/by-nc/4.0/legalcode,ANB,http://www.inbo.be/en/norms-for-data-use,,ANB,"Targeted monitoring of crustacea by ANB, Belgium",targeted monitoring,DC50:2022-09-01,2022-09-01,Europe,BE,Flanders,Dorent,50.95300,4.44661,WGS84,30,50.953004021495886,4.4466144484289805,EPSG:31370
Event,en,https://creativecommons.org/licenses/by-nc/4.0/legalcode,ANB,http://www.inbo.be/en/norms-for-data-use,,ANB,"Targeted monitoring of crustacea by ANB, Belgium",targeted monitoring,DC51:2022-09-01,2022-09-01,Europe,BE,Flanders,Dorent,50.95300,4.44661,WGS84,30,50.953004021495886,4.4466144484289805,EPSG:31370
Event,en,https://creativecommons.org/licenses/by-nc/4.0/legalcode,ANB,http://www.inbo.be/en/norms-for-data-use,,ANB,"Targeted monitoring of crustacea by ANB, Belgium",targeted monitoring,DC52:2022-09-01,2022-09-01,Europe,BE,Flanders,Dorent,50.95300,4.44661,WGS84,30,50.953004021495886,4.4466144484289805,EPSG:31370
Event,en,https://creativecommons.org/licenses/by-nc/4.0/legalcode,ANB,http://www.inbo.be/en/norms-for-data-use,,ANB,"Targeted monitoring of crustacea by ANB, Belgium",targeted monitoring,DC53:2022-09-01,2022-09-01,Europe,BE,Flanders,Dorent,50.95300,4.44661,WGS84,30,50.953004021495886,4.4466144484289805,EPSG:31370
Event,en,https://creativecommons.org/licenses/by-nc/4.0/legalcode,ANB,http://www.inbo.be/en/norms-for-data-use,,ANB,"Targeted monitoring of crustacea by ANB, Belgium",targeted monitoring,DC54:2022-09-01,2022-09-01,Europe,BE,Flanders,Dorent,50.95300,4.44661,WGS84,30,50.953004021495886,4.4466144484289805,EPSG:31370
Event,en,https://creativecommons.org/licenses/by-nc/4.0/legalcode,ANB,http://www.inbo.be/en/norms-for-data-use,,ANB,"Targeted monitoring of crustacea by ANB, Belgium",targeted monitoring,DC55:2022-09-01,2022-09-01,Europe,BE,Flanders,Dorent,50.95300,4.44661,WGS84,30,50.953004021495886,4.4466144484289805,EPSG:31370
Event,en,https://creativecommons.org/licenses/by-nc/4.0/legalcode,ANB,http://www.inbo.be/en/norms-for-data-use,,ANB,"Targeted monitoring of crustacea by ANB, Belgium",targeted monitoring,DC56:2022-09-01,2022-09-01,Europe,BE,Flanders,Dorent,50.95300,4.44661,WGS84,30,50.953004021495886,4.4466144484289805,EPSG:31370
Event,en,https://creativecommons.org/licenses/by-nc/4.0/legalcode,ANB,http://www.inbo.be/en/norms-for-data-use,,ANB,"Targeted monitoring of crustacea by ANB, Belgium",targeted monitoring,DC57:2022-09-01,2022-09-01,Europe,BE,Flanders,Dorent,50.95300,4.44661,WGS84,30,50.953004021495886,4.4466144484289805,EPSG:31370
Event,en,https://creativecommons.org/licenses/by-nc/4.0/legalcode,ANB,http://www.inbo.be/en/norms-for-data-use,,ANB,"Targeted monitoring of crustacea by ANB, Belgium",targeted monitoring,DC58:2022-09-01,2022-09-01,Europe,BE,Flanders,Dorent,50.95300,4.44661,WGS84,30,50.953004021495886,4.4466144484289805,EPSG:31370
Event,en,https://creativecommons.org/licenses/by-nc/4.0/legalcode,ANB,http://www.inbo.be/en/norms-for-data-use,,ANB,"Targeted monitoring of crustacea by ANB, Belgium",targeted monitoring,DC59:2022-09-01,2022-09-01,Europe,BE,Flanders,Dorent,50.95300,4.44661,WGS84,30,50.953004021495886,4.4466144484289805,EPSG:31370
Event,en,https://creativecommons.org/licenses/by-nc/4.0/legalcode,ANB,http://www.inbo.be/en/norms-for-data-use,,ANB,"Targeted monitoring of crustacea by ANB, Belgium",targeted monitoring,DC60:2022-09-02,2022-09-02,Europe,BE,Flanders,vrijbroekpark,51.02273,4.45515,WGS84,30,51.02272674849267,4.455154756572403,EPSG:31370
Event,en,https://creativecommons.org/licenses/by-nc/4.0/legalcode,ANB,http://www.inbo.be/en/norms-for-data-use,,ANB,"Targeted monitoring of crustacea by ANB, Belgium",targeted monitoring,DC61:2022-09-02,2022-09-02,Europe,BE,Flanders,vrijbroekpark,51.02273,4.45515,WGS84,30,51.02272674849267,4.455154756572403,EPSG:31370
Event,en,https://creativecommons.org/licenses/by-nc/4.0/legalcode,ANB,http://www.inbo.be/en/norms-for-data-use,,ANB,"Targeted monitoring of crustacea by ANB, Belgium",targeted monitoring,DC62:2022-09-02,2022-09-02,Europe,BE,Flanders,vrijbroekpark,51.02273,4.45515,WGS84,30,51.02272674849267,4.455154756572403,EPSG:31370
Event,en,https://creativecommons.org/licenses/by-nc/4.0/legalcode,ANB,http://www.inbo.be/en/norms-for-data-use,,ANB,"Targeted monitoring of crustacea by ANB, Belgium",targeted monitoring,DC63:2022-09-02,2022-09-02,Europe,BE,Flanders,vrijbroekpark,51.02273,4.45515,WGS84,30,51.02272674849267,4.455154756572403,EPSG:31370
Event,en,https://creativecommons.org/licenses/by-nc/4.0/legalcode,ANB,http://www.inbo.be/en/norms-for-data-use,,ANB,"Targeted monitoring of crustacea by ANB, Belgium",targeted monitoring,DC64:2022-09-02,2022-09-02,Europe,BE,Flanders,vrijbroekpark,51.02273,4.45515,WGS84,30,51.02272674849267,4.455154756572403,EPSG:31370
Event,en,https://creativecommons.org/licenses/by-nc/4.0/legalcode,ANB,http://www.inbo.be/en/norms-for-data-use,,ANB,"Targeted monitoring of crustacea by ANB, Belgium",targeted monitoring,DC65:2022-09-02,2022-09-02,Europe,BE,Flanders,vrijbroekpark,51.02273,4.45515,WGS84,30,51.02272674849267,4.455154756572403,EPSG:31370
Event,en,https://creativecommons.org/licenses/by-nc/4.0/legalcode,ANB,http://www.inbo.be/en/norms-for-data-use,,ANB,"Targeted monitoring of crustacea by ANB, Belgium",targeted monitoring,DC66:2022-09-02,2022-09-02,Europe,BE,Flanders,vrijbroekpark,51.02273,4.45515,WGS84,30,51.02272674849267,4.455154756572403,EPSG:31370
Event,en,https://creativecommons.org/licenses/by-nc/4.0/legalcode,ANB,http://www.inbo.be/en/norms-for-data-use,,ANB,"Targeted monitoring of crustacea by ANB, Belgium",targeted monitoring,DC67:2022-09-02,2022-09-02,Europe,BE,Flanders,vrijbroekpark,51.02273,4.45515,WGS84,30,51.02272674849267,4.455154756572403,EPSG:31370
Event,en,https://creativecommons.org/licenses/by-nc/4.0/legalcode,ANB,http://www.inbo.be/en/norms-for-data-use,,ANB,"Targeted monitoring of crustacea by ANB, Belgium",targeted monitoring,DC68:2022-09-02,2022-09-02,Europe,BE,Flanders,vrijbroekpark,51.02273,4.45515,WGS84,30,51.02272674849267,4.455154756572403,EPSG:31370
Event,en,https://creativecommons.org/licenses/by-nc/4.0/legalcode,ANB,http://www.inbo.be/en/norms-for-data-use,,ANB,"Targeted monitoring of crustacea by ANB, Belgium",targeted monitoring,DC69:2022-09-02,2022-09-02,Europe,BE,Flanders,Spildoorn,51.06471,4.44928,WGS84,30,51.06470944599727,4.4492841913236925,EPSG:31370
Event,en,https://creativecommons.org/licenses/by-nc/4.0/legalcode,ANB,http://www.inbo.be/en/norms-for-data-use,,ANB,"Targeted monitoring of crustacea by ANB, Belgium",targeted monitoring,DC70:2022-09-02,2022-09-02,Europe,BE,Flanders,Spildoorn,51.06471,4.44928,WGS84,30,51.06470944599727,4.4492841913236925,EPSG:31370
Event,en,https://creativecommons.org/licenses/by-nc/4.0/legalcode,ANB,http://www.inbo.be/en/norms-for-data-use,,ANB,"Targeted monitoring of crustacea by ANB, Belgium",targeted monitoring,DC71:2022-09-02,2022-09-02,Europe,BE,Flanders,Spildoorn,51.06471,4.44928,WGS84,30,51.06470944599727,4.4492841913236925,EPSG:31370
Event,en,https://creativecommons.org/licenses/by-nc/4.0/legalcode,ANB,http://www.inbo.be/en/norms-for-data-use,,ANB,"Targeted monitoring of crustacea by ANB, Belgium",targeted monitoring,DC72:2022-09-02,2022-09-02,Europe,BE,Flanders,Spildoorn,51.06471,4.44928,WGS84,30,51.06470944599727,4.4492841913236925,EPSG:31370
Event,en,https://creativecommons.org/licenses/by-nc/4.0/legalcode,ANB,http://www.inbo.be/en/norms-for-data-use,,ANB,"Targeted monitoring of crustacea by ANB, Belgium",targeted monitoring,DC73:2022-09-02,2022-09-02,Europe,BE,Flanders,Spildoorn,51.06471,4.44928,WGS84,30,51.06470944599727,4.4492841913236925,EPSG:31370
Event,en,https://creativecommons.org/licenses/by-nc/4.0/legalcode,ANB,http://www.inbo.be/en/norms-for-data-use,,ANB,"Targeted monitoring of crustacea by ANB, Belgium",targeted monitoring,DC74:2022-09-02,2022-09-02,Europe,BE,Flanders,Spildoorn,51.06471,4.44928,WGS84,30,51.06470944599727,4.4492841913236925,EPSG:31370
Event,en,https://creativecommons.org/licenses/by-nc/4.0/legalcode,ANB,http://www.inbo.be/en/norms-for-data-use,,ANB,"Targeted monitoring of crustacea by ANB, Belgium",targeted monitoring,DC75:2022-09-02,2022-09-02,Europe,BE,Flanders,Spildoorn,51.06471,4.44928,WGS84,30,51.06470944599727,4.4492841913236925,EPSG:31370
